odds_id,game_id,vendor,spread_home_value,spread_home_odds,spread_away_value,spread_away_odds,moneyline_home_odds,moneyline_away_odds,total_value,total_over_odds,total_under_odds,updated_at
1123,18446892,draftkings,1.5,154,-1.5,-200,250.0,-345.0,218.5,-130.0,100.0,2025-11-01T01:39:10.131Z
5345867,18446892,fanduel,5.5,-125,-5.5,-106,210.0,-280.0,220.5,-120.0,-110.0,2025-11-01T01:39:42.118Z
5352382,18446892,caesars,5.5,-110,-5.5,-120,800.0,-1600.0,220.5,-115.0,-115.0,2025-11-01T01:38:55.952Z
5362842,18446892,bet365,1.5,-160,-1.5,130,220.0,-290.0,220.5,-125.0,-105.0,2025-11-01T01:38:46.647Z
5385954,18446892,espnbet,3.5,-1400,-3.5,550,190.0,-250.0,219.5,450.0,-800.0,2025-11-01T01:38:26.597Z
5451289,18446892,betmgm,7.5,118,-7.5,-155,220.0,-350.0,221.5,105.0,-140.0,2025-11-01T01:40:20.098Z
14865877,18446998,fanduel,-9.5,-110,9.5,-120,-20000.0,2000.0,225.5,-122.0,-110.0,2025-11-15T02:54:44.542Z
14921753,18446998,caesars,-9.5,-150,9.5,120,-3000.0,1100.0,225.5,105.0,-135.0,2025-11-15T02:53:08.525Z
14921874,18446998,draftkings,-8.5,-130,8.5,100,-4000.0,1500.0,224.5,-120.0,-110.0,2025-11-15T02:52:16.978Z
14943378,18446998,betmgm,-7.5,-145,7.5,110,-10000.0,1350.0,228.5,-125.0,-105.0,2025-11-15T02:54:29.451Z
14947589,18446998,bet365,-9.5,-115,9.5,-115,-5000.0,1500.0,226.5,105.0,-135.0,2025-11-15T02:53:47.003Z
15029934,18446998,espnbet,-6.5,-125,6.5,-105,-3500.0,1300.0,226.5,120.0,-150.0,2025-11-15T02:53:59.264Z
396427,18447080,draftkings,39.5,114,-39.5,-145,10000.0,-100000.0,247.5,-105.0,-125.0,2025-11-26T03:34:00.228Z
23484928,18447080,fanduel,41.5,-102,-41.5,-130,3000.0,-20000.0,245.5,-114.0,-114.0,2025-11-26T03:37:43.174Z
23531236,18447080,espnbet,20.5,110,-20.5,-140,2000.0,-6000.0,256.5,-125.0,-105.0,2025-11-26T03:46:36.042Z
23541892,18447080,caesars,40.5,110,-40.5,-140,2200.0,-10000.0,242.5,-140.0,110.0,2025-11-26T03:34:54.724Z
23549218,18447080,betmgm,38.5,-110,-38.5,-118,1550.0,-10000.0,247.5,-105.0,-125.0,2025-11-26T03:36:30.522Z
23566110,18447080,betrivers,41.5,-134,-41.5,-109,950.0,-10000.0,245.5,-117.0,-125.0,2025-11-26T03:37:05.754Z
23566152,18447080,ballybet,40.5,-129,-40.5,-109,1200.0,-10000.0,244,-113.0,-122.0,2025-11-26T03:37:15.223Z
23615634,18447080,betway,-39.5,-115,39.5,-110,1200.0,-10000.0,247.5,-120.0,-105.0,2025-11-26T03:35:26.688Z
23674492,18447080,bet365,39.5,140,-39.5,-170,2200.0,-25000.0,240.5,-140.0,110.0,2025-11-26T03:36:05.141Z
23868431,18447080,betparx,39.5,-112,-39.5,-118,1600.0,-10000.0,246.5,-118.0,-113.0,2025-11-26T03:37:35.196Z
25118535,18447092,fanduel,11.5,-136,-11.5,102,1700.0,-10000.0,223.5,100.0,-132.0,2025-11-29T02:59:42.709Z
25166893,18447092,caesars,11.5,-135,-11.5,105,1200.0,-4000.0,214.5,-105.0,-125.0,2025-11-29T02:56:54.886Z
25166952,18447092,draftkings,10.5,-135,-10.5,105,1800.0,-6500.0,214.5,-110.0,-120.0,2025-11-29T02:52:00.232Z
25185497,18447092,espnbet,14.5,-130,-14.5,100,2000.0,-6000.0,214.5,-105.0,-125.0,2025-11-29T02:59:36.015Z
25211000,18447092,betrivers,11,-112,-11,-134,950.0,-10000.0,214.5,-122.0,-120.0,2025-11-29T02:59:05.703Z
25211080,18447092,ballybet,9.5,-107,-9.5,-130,1150.0,-5000.0,214.5,-120.0,-117.0,2025-11-29T02:59:15.176Z
25211299,18447092,betparx,10.5,-118,-10.5,-113,1500.0,-10000.0,214.5,-117.0,-114.0,2025-11-29T02:59:35.152Z
25306904,18447092,betway,12.5,-125,-12.5,100,1200.0,-10000.0,214.5,-105.0,-120.0,2025-11-29T02:56:28.761Z
25483677,18447092,betmgm,11.5,100,-11.5,-130,1600.0,-10000.0,214.5,-125.0,-105.0,2025-11-29T02:57:29.021Z
26650354,18447092,bet365,11.5,-115,-11.5,-115,1800.0,-15000.0,217.5,-135.0,105.0,2025-11-29T02:58:05.064Z
1056,18446826,caesars,-7.5,105,7.5,-135,500.0,-800.0,230.5,-120.0,-110.0,2025-10-23T02:10:53.615Z
1073,18446826,betmgm,-3.5,-115,3.5,-110,-165.0,130.0,231.5,-105.0,-125.0,2025-10-23T02:11:18.015Z
1110,18446826,draftkings,1.5,110,-1.5,-140,-125.0,-105.0,230.5,-110.0,-120.0,2025-10-23T02:09:13.147Z
1351,18446826,espnbet,-4.5,100,4.5,-130,-550.0,375.0,228.5,-125.0,-105.0,2025-10-23T02:10:26.463Z
1418,18446826,fanduel,3.5,100,-3.5,-132,870.0,-2200.0,229.5,-128.0,-104.0,2025-10-23T02:02:42.075Z
671556,18446826,bet365,-3.5,-110,3.5,-110,-155.0,130.0,229,-110.0,-110.0,2025-10-24T00:00:39.788Z
2102901,18446849,fanduel,-2.5,-270,2.5,194,-1800.0,800.0,245.5,-112.0,-118.0,2025-10-26T02:11:41.509Z
2133128,18446849,caesars,2.5,100,-2.5,-130,115.0,-145.0,247.5,-130.0,100.0,2025-10-26T02:10:54.080Z
2133296,18446849,draftkings,-3.5,105,3.5,-135,-8500.0,2000.0,246.5,100.0,-130.0,2025-10-26T02:10:11.752Z
2172311,18446849,espnbet,1.5,110,-1.5,-140,110.0,-140.0,246.5,130.0,-165.0,2025-10-26T02:10:25.009Z
2173950,18446849,betmgm,1.5,-130,-1.5,100,-2500.0,900.0,247.5,-118.0,-110.0,2025-10-26T02:12:18.833Z
2287626,18446849,bet365,-2.5,-130,2.5,100,-650.0,425.0,248.5,100.0,-130.0,2025-10-26T02:10:46.030Z
3048313,18446863,draftkings,-11.5,-166,11.5,130,-100000.0,4000.0,263.5,120.0,-154.0,2025-10-28T01:42:10.157Z
3082193,18446863,fanduel,-11.5,-138,11.5,104,-4000.0,1100.0,258.5,-132.0,100.0,2025-10-28T01:45:42.240Z
3086524,18446863,caesars,-12.5,110,12.5,-140,-6000.0,1800.0,258.5,-135.0,105.0,2025-10-28T01:42:55.211Z
3120225,18446863,betmgm,-3.5,-115,3.5,-110,-450.0,310.0,256.5,-105.0,-125.0,2025-10-28T01:44:21.081Z
3243163,18446863,espnbet,-1.5,-105,1.5,-125,-165.0,130.0,258.5,-1400.0,600.0,2025-10-28T01:42:26.611Z
3377290,18446863,bet365,-12.5,-105,12.5,-125,-1400.0,750.0,257.5,-115.0,-115.0,2025-10-28T01:44:45.757Z
3698268,18446872,fanduel,-1.5,-148,1.5,112,430.0,-670.0,265.5,-118.0,-112.0,2025-10-29T01:51:41.995Z
3705597,18446872,draftkings,2.5,150,-2.5,-195,400.0,-620.0,272.5,-115.0,-115.0,2025-10-29T01:49:09.889Z
3761684,18446872,espnbet,-2.5,-140,2.5,110,-375.0,260.0,265.5,-130.0,100.0,2025-10-29T01:40:25.856Z
3770144,18446872,caesars,-1.5,-130,1.5,100,420.0,-650.0,267.5,-135.0,105.0,2025-10-29T01:48:54.786Z
3809253,18446872,betmgm,-3.5,-130,3.5,100,-325.0,225.0,255.5,-110.0,-118.0,2025-10-29T01:50:19.547Z
3814332,18446872,bet365,3.5,-150,-3.5,120,350.0,-500.0,268.5,105.0,-135.0,2025-10-29T01:51:46.402Z
6470323,18446906,draftkings,23.5,135,-23.5,-175,2200.0,-10000.0,234.5,105.0,-135.0,2025-11-03T01:26:09.885Z
6470626,18446906,caesars,24.5,-110,-24.5,-120,1200.0,-4000.0,225.5,-115.0,-115.0,2025-11-03T01:25:53.562Z
6476189,18446906,fanduel,21.5,104,-21.5,-138,3500.0,-50000.0,232.5,104.0,-138.0,2025-11-03T01:28:42.110Z
6494457,18446906,betmgm,21.5,-125,-21.5,-105,1450.0,-10000.0,224.5,-110.0,-115.0,2025-11-03T01:27:19.997Z
6524672,18446906,espnbet,22.5,450,-22.5,-900,2500.0,-8000.0,223.5,-115.0,-115.0,2025-11-03T01:26:26.026Z
6544850,18446906,bet365,22.5,-125,-22.5,-105,2000.0,-20000.0,224.5,-120.0,-110.0,2025-11-03T01:25:43.525Z
7384118,18446924,fanduel,1.5,100,-1.5,-132,-750.0,460.0,228.5,-114.0,-114.0,2025-11-05T03:29:42.496Z
7397817,18446924,draftkings,-1.5,-315,1.5,230,-445.0,310.0,224.5,-130.0,100.0,2025-11-05T03:27:10.823Z
7454634,18446924,espnbet,1.5,-115,-1.5,-115,180.0,-240.0,230.5,190.0,-250.0,2025-11-05T03:27:41.521Z
7462188,18446924,caesars,1.5,-350,-1.5,260,-500.0,350.0,227.5,-125.0,-105.0,2025-11-05T03:26:55.960Z
7470918,18446924,betmgm,3.5,-115,-3.5,-110,180.0,-235.0,235.5,100.0,-130.0,2025-11-05T03:28:25.624Z
7531215,18446924,bet365,-1.5,-140,1.5,110,-500.0,350.0,231.5,-115.0,-115.0,2025-11-05T03:29:44.329Z
8142939,18446928,fanduel,-10.5,-125,10.5,-106,-50000.0,3500.0,258.5,-130.0,-102.0,2025-11-06T02:36:44.055Z
8167568,18446928,draftkings,-11.5,180,11.5,-238,-8500.0,2200.0,254.5,-160.0,124.0,2025-11-06T02:37:13.839Z
8176131,18446928,caesars,-10.5,110,10.5,-140,-5000.0,1400.0,252.5,100.0,-130.0,2025-11-06T02:35:56.961Z
8179279,18446928,betmgm,-15.5,-110,15.5,-118,-10000.0,1350.0,251.5,-105.0,-125.0,2025-11-06T02:38:21.885Z
8190183,18446928,espnbet,-16.5,-120,16.5,-110,-8000.0,2500.0,244.5,-115.0,-115.0,2025-11-06T02:37:51.709Z
8277307,18446928,bet365,-10.5,-115,10.5,-115,-15000.0,1800.0,251.5,100.0,-130.0,2025-11-06T02:36:45.713Z
10459423,18446952,draftkings,-7.5,-140,7.5,110,-15000.0,2500.0,252.5,-110.0,-120.0,2025-11-09T03:05:09.815Z
10459727,18446952,caesars,-7.5,-130,7.5,100,-1600.0,800.0,250.5,-50000.0,4000.0,2025-11-09T03:05:56.976Z
10470897,18446952,betmgm,-8.5,110,8.5,-145,-5000.0,1200.0,253.5,-110.0,-118.0,2025-11-09T03:06:27.571Z
10472301,18446952,espnbet,-5.5,100,5.5,-130,-1400.0,700.0,252.5,-105.0,-125.0,2025-11-09T03:05:38.259Z
10473918,18446952,fanduel,-7.5,-144,7.5,108,-50000.0,3500.0,254.5,-110.0,-120.0,2025-11-09T03:06:42.749Z
10604505,18446952,bet365,-9.5,-115,9.5,-115,-8000.0,1650.0,253.5,100.0,-130.0,2025-11-09T03:05:43.837Z
11083176,18446963,draftkings,3.5,-140,-3.5,110,650.0,-1150.0,221.5,-110.0,-120.0,2025-11-10T03:04:10.676Z
11092857,18446963,fanduel,3.5,-118,-3.5,-112,680.0,-1400.0,222.5,-114.0,-114.0,2025-11-10T03:05:42.780Z
11109098,18446963,caesars,5.5,-135,-5.5,105,640.0,-1100.0,221.5,-125.0,-105.0,2025-11-10T03:03:56.755Z
11149315,18446963,bet365,2.5,110,-2.5,-140,600.0,-1000.0,223.5,-115.0,-115.0,2025-11-10T03:04:44.643Z
11180164,18446963,espnbet,3.5,-140,-3.5,110,750.0,-1600.0,222.5,340.0,-550.0,2025-11-10T03:04:26.349Z
11189033,18446963,betmgm,4.5,-118,-4.5,-110,260.0,-350.0,223.5,-110.0,-118.0,2025-11-10T03:05:21.655Z
12374181,18446977,caesars,1.5,-170,-1.5,135,-280.0,215.0,208.5,-120.0,-110.0,2025-11-12T03:32:04.062Z
12374208,18446977,draftkings,-1.5,105,1.5,-135,-260.0,195.0,207.5,-105.0,-125.0,2025-11-12T03:31:12.216Z
12406582,18446977,betmgm,-3.5,-105,3.5,-125,-250.0,190.0,207.5,105.0,-140.0,2025-11-12T03:32:28.679Z
12416946,18446977,fanduel,-1.5,-210,1.5,154,-260.0,196.0,209.5,-108.0,-122.0,2025-11-12T03:33:45.061Z
12440139,18446977,espnbet,-1.5,-350,1.5,230,-400.0,280.0,206.5,1000.0,-3500.0,2025-11-12T03:31:46.373Z
12495273,18446977,bet365,-1.5,-135,1.5,105,-310.0,230.0,209.5,-105.0,-125.0,2025-11-12T03:32:44.696Z
17059045,18447020,fanduel,-3.5,-152,3.5,114,-320.0,235.0,223.5,-102.0,-130.0,2025-11-18T02:37:43.511Z
17065086,18447020,draftkings,-2.5,114,2.5,-145,-330.0,240.0,224.5,-120.0,-110.0,2025-11-18T02:35:13.910Z
17066318,18447020,caesars,-2.5,125,2.5,-160,-300.0,230.0,225.5,-110.0,-120.0,2025-11-18T02:34:57.547Z
17096097,18447020,espnbet,-4.5,475,4.5,-1000,-420.0,290.0,224.5,1300.0,-5000.0,2025-11-18T02:36:10.084Z
17102815,18447020,betmgm,-2.5,-115,2.5,-110,-325.0,240.0,222.5,-105.0,-125.0,2025-11-18T02:36:19.975Z
17155168,18447020,bet365,-3.5,-105,3.5,-125,-550.0,375.0,225.5,100.0,-130.0,2025-11-18T02:36:46.131Z
18729537,18447035,draftkings,8.5,180,-8.5,-238,575.0,-950.0,235.5,124.0,-160.0,2025-11-20T02:21:47.444Z
18754829,18447035,caesars,7.5,-110,-7.5,-120,1200.0,-4000.0,237.5,-120.0,-110.0,2025-11-20T02:21:17.868Z
18758693,18447035,fanduel,8.5,110,-8.5,-146,900.0,-2500.0,237.5,-136.0,102.0,2025-11-20T02:23:42.897Z
18780829,18447035,espnbet,4.5,-125,-4.5,-105,250.0,-350.0,240.5,-130.0,100.0,2025-11-20T02:24:49.360Z
18783393,18447035,bet365,9.5,-120,-9.5,-110,1800.0,-15000.0,239.5,-105.0,-125.0,2025-11-20T02:20:52.317Z
18784779,18447035,betmgm,8.5,-105,-8.5,-125,725.0,-1600.0,237.5,-118.0,-110.0,2025-11-20T02:22:32.614Z
19571859,18447043,fanduel,6.5,182,-6.5,-250,800.0,-1800.0,236.5,-125.0,-106.0,2025-11-21T03:40:44.714Z
19585039,18447043,draftkings,8.5,220,-8.5,-298,1800.0,-6500.0,238.5,-120.0,-110.0,2025-11-21T03:38:17.185Z
19585570,18447043,caesars,3.5,-130,-3.5,100,175.0,-220.0,217.5,-120.0,-110.0,2025-11-21T03:38:02.481Z
19601780,18447043,betmgm,1.5,-110,-1.5,-118,525.0,-900.0,218.5,-105.0,-125.0,2025-11-21T03:39:22.928Z
19631886,18447043,bet365,7.5,115,-7.5,-145,600.0,-1000.0,231.5,100.0,-130.0,2025-11-21T03:39:46.136Z
19651791,18447043,espnbet,4.5,-120,-4.5,-110,450.0,-750.0,231.5,-120.0,-110.0,2025-11-21T03:43:43.279Z
21955945,18447061,fanduel,11.5,-114,-11.5,-114,3500.0,-50000.0,242.5,-140.0,106.0,2025-11-23T20:22:43.994Z
21992262,18447061,draftkings,11.5,100,-11.5,-130,3000.0,-20000.0,244.5,100.0,-130.0,2025-11-23T20:18:00.202Z
22022805,18447061,caesars,11.5,145,-11.5,-180,1800.0,-6000.0,242.5,-130.0,100.0,2025-11-23T20:19:57.910Z
22025630,18447061,betmgm,10.5,-115,-10.5,-110,3300.0,-10000.0,242.5,-125.0,-102.0,2025-11-23T20:21:30.644Z
22027641,18447061,espnbet,5.5,-110,-5.5,-120,340.0,-500.0,247.5,-160.0,125.0,2025-11-23T20:20:58.977Z
22116534,18447061,bet365,12.5,100,-12.5,-130,2200.0,-25000.0,240.5,-120.0,-110.0,2025-11-23T20:20:44.461Z
22442351,18447061,betrivers,10.5,-120,-10.5,-122,900.0,-5000.0,244,-117.0,-125.0,2025-11-23T20:23:05.227Z
22495214,18447061,ballybet,10.5,-113,-10.5,-118,,,,,,2025-11-23T20:23:15.222Z
27450944,18447113,fanduel,4.5,-114,-4.5,-114,1300.0,-4500.0,277.5,-125.0,-106.0,2025-12-01T02:14:42.204Z
27461260,18447113,draftkings,6.5,-140,-6.5,110,4000.0,-100000.0,278.5,-125.0,-105.0,2025-12-01T02:11:00.394Z
27463752,18447113,caesars,6.5,-115,-6.5,-115,260.0,-350.0,277.5,100.0,-130.0,2025-12-01T02:11:53.955Z
27464995,18447113,rebet,0.5,-133,-0.5,100,280.0,-222.0,272.5,-105.0,-133.0,2025-12-01T02:11:45.710Z
27468281,18447113,betparx,3.5,-120,-3.5,-112,800.0,-2500.0,231,-110.0,-121.0,2025-12-01T02:14:35.231Z
27468470,18447113,betrivers,3.5,-125,-3.5,-117,650.0,-2500.0,231,-117.0,-125.0,2025-12-01T02:14:05.831Z
27468521,18447113,ballybet,3.5,-118,-3.5,-118,650.0,-2500.0,231,-113.0,-122.0,2025-12-01T02:14:15.238Z
27482000,18447113,betmgm,5.5,-115,-5.5,-110,950.0,-2500.0,230.5,-115.0,-115.0,2025-12-01T02:10:22.493Z
27482508,18447113,espnbet,2.5,-135,-2.5,105,160.0,-200.0,276.5,-125.0,-105.0,2025-12-01T02:18:28.671Z
27505644,18447113,betway,2.5,-110,-2.5,-115,275.0,-450.0,273.5,-120.0,-105.0,2025-12-01T02:12:26.879Z
27941381,18447113,bet365,7.5,-155,-7.5,125,4000.0,-100000.0,275.5,-125.0,-105.0,2025-12-01T02:14:05.201Z
28484233,18447127,fanduel,-18.5,-192,18.5,142,-100000.0,-100000.0,223.5,136.0,-182.0,2025-12-03T02:17:24.123Z
28490336,18447127,rebet,-24.5,-118,24.5,-118,-10000.0,2100.0,226.5,-111.0,-125.0,2025-12-03T02:16:45.781Z
28490819,18447127,draftkings,-25.5,100,25.5,-130,-50000.0,3500.0,225.5,-130.0,100.0,2025-12-03T02:12:00.294Z
28500586,18447127,betrivers,-26,-134,26,-112,-10000.0,950.0,225.5,-127.0,-114.0,2025-12-03T02:19:06.242Z
28500650,18447127,ballybet,-27,-127,27,-113,-10000.0,1150.0,225.5,-125.0,-113.0,2025-12-03T02:19:15.181Z
28500886,18447127,betparx,-27,-106,27,-125,-10000.0,1600.0,225,-106.0,-127.0,2025-12-03T02:19:35.176Z
28526443,18447127,caesars,-19.5,165,19.5,-210,-10000.0,2200.0,224.5,-190.0,150.0,2025-12-03T02:16:30.717Z
28533556,18447127,betmgm,-26.5,-130,26.5,100,-10000.0,1500.0,223.5,-110.0,-118.0,2025-12-03T02:17:24.081Z
28589505,18447127,betway,-27.5,105,27.5,-130,-10000.0,1200.0,225.5,-120.0,-105.0,2025-12-03T02:16:27.238Z
29114142,18447127,bet365,-21.5,-115,21.5,-115,-25000.0,2200.0,223.5,-125.0,-105.0,2025-12-03T02:16:55.012Z
29918800,18447142,fanduel,-4.5,-144,4.5,108,-245.0,186.0,214.5,-114.0,-114.0,2025-12-05T00:18:20.367Z
29937780,18447142,rebet,-11.5,-118,11.5,-105,-2500.0,1500.0,199.5,-105.0,-125.0,2025-12-05T02:32:45.648Z
29949908,18447142,draftkings,1.5,-110,-1.5,-120,124.0,-160.0,197.5,-130.0,100.0,2025-12-05T02:11:00.348Z
29963757,18447142,betrivers,2,-120,-2,-122,128.0,-186.0,195,-118.0,-124.0,2025-12-05T02:35:05.252Z
29963790,18447142,ballybet,-4.5,-115,4.5,-122,128.0,-182.0,195,-115.0,-122.0,2025-12-05T02:35:15.323Z
29964127,18447142,betparx,2,-110,-2,-121,135.0,-180.0,195,-109.0,-122.0,2025-12-05T02:34:35.292Z
29969244,18447142,caesars,1.5,-130,-1.5,100,-650.0,420.0,199.5,115.0,-145.0,2025-12-05T02:32:32.678Z
30008079,18447142,betmgm,2.5,-140,-2.5,105,200.0,-275.0,196.5,-118.0,-110.0,2025-12-05T02:23:17.377Z
30028707,18447142,betway,1.5,-115,-1.5,-110,160.0,-225.0,196.5,-110.0,-115.0,2025-12-05T02:33:26.897Z
30469626,18447142,bet365,1.5,-155,-1.5,125,130.0,-160.0,196.5,-130.0,100.0,2025-12-05T02:30:54.924Z
30541062,18447157,caesars,14.5,120,-14.5,-150,2200.0,-10000.0,216.5,-110.0,-120.0,2025-12-06T03:24:30.562Z
30585614,18447157,betway,11.5,-105,-11.5,-120,1200.0,-10000.0,214.5,-110.0,-115.0,2025-12-06T03:25:26.847Z
30835472,18447157,fanduel,16.5,100,-16.5,-132,-100000.0,-100000.0,217.5,130.0,-174.0,2025-12-06T03:24:20.123Z
30835487,18447157,draftkings,15.5,-125,-15.5,-105,700.0,-1300.0,219.5,100.0,-130.0,2025-12-06T03:23:00.276Z
30835503,18447157,betparx,12,-107,-12,-125,900.0,-2000.0,215.5,-112.0,-120.0,2025-12-06T03:26:35.178Z
30835518,18447157,ballybet,12,-110,-12,-129,750.0,-2000.0,217.5,-125.0,-113.0,2025-12-06T03:27:15.182Z
30835538,18447157,betrivers,12,-132,-12,-113,750.0,-2500.0,216,-120.0,-122.0,2025-12-06T03:27:05.710Z
30835578,18447157,betmgm,10.5,118,-10.5,-155,1150.0,-5000.0,213.5,-110.0,-115.0,2025-12-06T03:26:19.376Z
30996592,18447157,rebet,1.5,-118,-1.5,-105,-104.0,-115.0,221.5,-115.0,-109.0,2025-12-06T03:24:45.576Z
31010215,18447157,bet365,15.5,125,-15.5,-155,1700.0,-10000.0,215.5,-110.0,-120.0,2025-12-06T03:24:56.874Z
31489853,18447171,fanduel,3.5,200,-3.5,-280,8000.0,-100000.0,220.5,-112.0,-118.0,2025-12-08T02:55:20.115Z
31502570,18447171,draftkings,3.5,180,-3.5,-238,3500.0,-50000.0,221.5,-120.0,-110.0,2025-12-08T02:54:00.234Z
31523506,18447171,betparx,2.5,-120,-2.5,-112,350.0,-560.0,223.5,-121.0,-110.0,2025-12-08T02:57:35.191Z
31523604,18447171,betrivers,2.5,-129,-2.5,-114,245.0,-400.0,223.5,-127.0,-115.0,2025-12-08T02:57:05.366Z
31523693,18447171,ballybet,3.5,-127,-3.5,-113,265.0,-420.0,223.5,-125.0,-114.0,2025-12-08T02:57:15.309Z
31535666,18447171,rebet,3.5,-133,-3.5,-105,220.0,-175.0,222.5,-125.0,-105.0,2025-12-08T02:37:45.558Z
31549801,18447171,caesars,4.5,-650,-4.5,420,2200.0,-10000.0,220.5,350.0,-500.0,2025-12-08T02:55:30.271Z
31582268,18447171,betmgm,2.5,-130,-2.5,100,1600.0,-10000.0,223.5,-125.0,-105.0,2025-12-08T02:56:17.657Z
31608669,18447171,betway,3.5,-105,-3.5,-120,175.0,-250.0,223.5,-115.0,-110.0,2025-12-08T02:55:26.010Z
31990574,18447171,bet365,3.5,-115,-3.5,-115,950.0,-2000.0,221.5,-105.0,-125.0,2025-12-08T02:54:55.031Z
38326366,18447191,fanduel,7.5,110,-7.5,-146,-100000.0,-100000.0,224.5,-102.0,-130.0,2025-12-20T02:39:20.154Z
38328247,18447191,betway,2.5,-120,-2.5,-105,1200.0,-10000.0,223.5,-115.0,-110.0,2025-12-20T02:38:26.699Z
38329301,18447191,rebet,-4,-110,4,-110,-171.0,139.0,228.5,-110.0,-110.0,2025-12-19T17:10:46.194Z
38332968,18447191,caesars,8.5,450,-8.5,-700,1400.0,-5000.0,223.5,-115.0,-115.0,2025-12-20T02:38:32.812Z
38341879,18447191,draftkings,5.5,105,-5.5,-135,1400.0,-3500.0,229.5,124.0,-160.0,2025-12-20T02:37:00.306Z
38447116,18447191,betrivers,4.5,-113,-4.5,-121,500.0,-910.0,228,-112.0,-124.0,2025-12-20T02:40:05.290Z
38447226,18447191,ballybet,5,-122,-5,-117,525.0,-1250.0,228,-121.0,-117.0,2025-12-20T02:40:15.256Z
38447352,18447191,betparx,3.5,-122,-3.5,-108,295.0,-435.0,,,,2025-12-20T02:40:35.226Z
38868443,18447191,bet365,9.5,-120,-9.5,-110,750.0,-1400.0,229.5,105.0,-135.0,2025-12-20T02:37:54.764Z
38984998,18447196,fanduel,-7.5,188,7.5,-260,-100000.0,-100000.0,235.5,178.0,-245.0,2025-12-21T02:23:20.290Z
38986120,18447196,caesars,-6.5,-210,6.5,165,-4000.0,1200.0,241.5,-115.0,-115.0,2025-12-21T02:21:30.553Z
38991195,18447196,draftkings,-7.5,-110,7.5,-120,-3200.0,1300.0,240.5,-105.0,-125.0,2025-12-21T02:20:00.354Z
39014390,18447196,betway,-6.5,100,6.5,-125,-5000.0,900.0,243.5,-115.0,-110.0,2025-12-21T02:21:28.590Z
39021147,18447196,betparx,-5,-130,5,-104,-1667.0,700.0,,,,2025-12-21T02:23:35.200Z
39021436,18447196,betrivers,-7,-112,7,-122,-5000.0,1150.0,242.5,-122.0,-113.0,2025-12-21T02:24:05.705Z
39021522,18447196,ballybet,-6,-112,6,-127,-5000.0,800.0,242.5,-124.0,-114.0,2025-12-21T02:24:15.196Z
39679854,18447196,bet365,-7.5,-115,7.5,-115,-10000.0,1700.0,241.5,100.0,-130.0,2025-12-21T02:23:54.716Z
41085221,18447219,fanduel,9.5,-166,-9.5,124,4000.0,-100000.0,221.5,-122.0,-108.0,2025-12-24T02:41:20.134Z
41091533,18447219,draftkings,10.5,-145,-10.5,114,800.0,-1600.0,220.5,100.0,-130.0,2025-12-24T02:40:00.403Z
41098456,18447219,caesars,8.5,-130,-8.5,100,1200.0,-4000.0,222.5,105.0,-135.0,2025-12-24T02:41:30.427Z
41140344,18447219,rebet,11.5,-118,-11.5,-111,1750.0,-3333.0,215.5,-118.0,-111.0,2025-12-24T02:13:45.695Z
41248885,18447219,betparx,11,-129,-11,-105,1200.0,-5000.0,,,,2025-12-24T02:44:35.195Z
41249223,18447219,betrivers,10,-125,-10,-109,1300.0,-10000.0,214,-110.0,-127.0,2025-12-24T02:45:06.230Z
41249351,18447219,ballybet,11.5,-122,-11.5,-117,1300.0,-10000.0,214,-115.0,-122.0,2025-12-24T02:44:15.210Z
41259554,18447219,betway,9.5,-110,-9.5,-115,1200.0,-10000.0,213.5,-120.0,-105.0,2025-12-24T02:41:30.444Z
42016510,18447219,bet365,10.5,-130,-10.5,100,1700.0,-10000.0,216.5,-125.0,-105.0,2025-12-24T02:42:54.737Z
43643465,18447241,fanduel,-6.5,-102,6.5,-130,-20000.0,2200.0,213.5,-130.0,-102.0,2025-12-27T03:07:20.123Z
43650775,18447241,draftkings,-3.5,-120,3.5,-110,-500.0,340.0,218.5,-130.0,100.0,2025-12-27T03:02:00.312Z
43666151,18447241,betrivers,2,-114,-2,-120,-2000.0,800.0,216.5,-122.0,-114.0,2025-12-27T03:09:05.717Z
43666255,18447241,ballybet,3,-129,-3,-112,-5000.0,900.0,217.5,-120.0,-118.0,2025-12-27T03:09:15.165Z
43666400,18447241,betparx,2,-113,-2,-118,-560.0,340.0,,,,2025-12-27T03:09:35.178Z
43678465,18447241,caesars,-7.5,125,7.5,-160,-3000.0,1100.0,217.5,-125.0,-105.0,2025-12-27T03:06:30.415Z
43690406,18447241,rebet,1.5,-125,-1.5,-111,160.0,100.0,221.5,-118.0,-118.0,2025-12-27T03:06:45.631Z
43724363,18447241,betway,2.5,-115,-2.5,-110,-500.0,300.0,218.5,-105.0,-120.0,2025-12-27T03:07:27.344Z
44385291,18447241,bet365,-6.5,-115,6.5,-115,-15000.0,1800.0,217.5,-105.0,-125.0,2025-12-27T03:06:54.719Z
45156967,18447256,fanduel,-24.5,-235,24.5,172,-100000.0,-100000.0,233.5,158.0,-215.0,2025-12-28T22:56:20.117Z
45196336,18447256,betway,-21.5,100,21.5,-125,-10000.0,1200.0,229.5,-110.0,-115.0,2025-12-28T22:55:27.675Z
45198154,18447256,draftkings,-23.5,105,23.5,-135,-50000.0,3500.0,234.5,-115.0,-115.0,2025-12-28T22:53:00.365Z
45212975,18447256,rebet,-23.5,-125,23.5,-111,-10000.0,2200.0,239.5,-111.0,-118.0,2025-12-28T22:55:45.770Z
45217196,18447256,betrivers,-21.5,-107,21.5,-127,-5000.0,1050.0,230.5,-124.0,-113.0,2025-12-28T22:57:05.678Z
45217314,18447256,ballybet,-22,-132,22,-107,-5000.0,1050.0,230,-114.0,-124.0,2025-12-28T22:57:15.172Z
45217465,18447256,betparx,-21.5,-115,21.5,-115,-2500.0,1000.0,,,,2025-12-28T22:57:35.202Z
45226883,18447256,caesars,-24.5,-20000,24.5,3000,-10000.0,2200.0,233.5,3000.0,-20000.0,2025-12-28T22:55:32.842Z
45821464,18447256,bet365,-25.5,-135,25.5,105,-25000.0,2000.0,233.5,-115.0,-115.0,2025-12-28T22:55:54.727Z
46872963,18447272,fanduel,2.5,138,-2.5,-186,1300.0,-5000.0,275.5,114.0,-152.0,2025-12-31T03:50:20.155Z
46891861,18447272,draftkings,2.5,170,-2.5,-220,380.0,-580.0,278.5,-120.0,-110.0,2025-12-31T03:48:00.330Z
46901254,18447272,caesars,2.5,670,-2.5,-1200,1400.0,-5000.0,275.5,290.0,-400.0,2025-12-31T03:50:32.956Z
46906222,18447272,rebet,1.5,-143,-1.5,100,285.0,-182.0,261.5,-111.0,-125.0,2025-12-31T03:49:45.710Z
46983691,18447272,betrivers,4,-114,-4,-120,150.0,-205.0,262.5,-125.0,-110.0,2025-12-31T03:53:05.729Z
46983767,18447272,ballybet,4.5,-129,-4.5,-110,143.0,-210.0,264.5,-120.0,-120.0,2025-12-31T03:52:15.231Z
46983883,18447272,betparx,4,-115,-4,-115,150.0,-205.0,,,,2025-12-31T03:52:35.182Z
47040651,18447272,betway,0.5,-120,-0.5,-105,185.0,-275.0,263.5,-105.0,-120.0,2025-12-31T03:50:27.896Z
47422172,18447272,polymarket,1.5,199900,-1.5,-199900,199900.0,-199900.0,234.5,-199900.0,199900.0,2025-12-31T05:56:30.354Z
47423591,18447272,kalshi,7.5,-9900,-7.5,9900,9900.0,-19900.0,236.5,-19900.0,19900.0,2025-12-31T03:55:41.648Z
48120421,18447272,bet365,2.5,-115,-2.5,-115,1050.0,-3000.0,276.5,-115.0,-115.0,2025-12-31T03:50:54.692Z
47422187,18447287,polymarket,-1.5,199900,1.5,-199900,199900.0,-199900.0,230.5,-24900.0,24900.0,2026-01-02T05:54:00.505Z
47535981,18447287,kalshi,-8.5,3233,8.5,-3233,9900.0,-19900.0,233.5,9900.0,-9900.0,2026-01-02T03:45:02.283Z
50598425,18447287,fanduel,14.5,194,-14.5,-270,-100000.0,-100000.0,233.5,-102.0,-130.0,2026-01-02T03:43:20.100Z
50600851,18447287,rebet,6.5,100,-6.5,-133,1400.0,-1429.0,236.5,-105.0,-125.0,2026-01-02T03:42:45.720Z
50622579,18447287,draftkings,14.5,195,-14.5,-260,1300.0,-3200.0,236.5,100.0,-130.0,2026-01-02T03:43:00.288Z
50623472,18447287,caesars,14.5,-125,-14.5,-105,850.0,-1800.0,233.5,-125.0,-105.0,2026-01-02T03:42:30.447Z
50654915,18447287,betrivers,6.5,-118,-6.5,-115,1000.0,-3335.0,237.5,-120.0,-117.0,2026-01-02T03:45:05.694Z
50654985,18447287,ballybet,6.5,-115,-6.5,-124,1000.0,-3335.0,237.5,-121.0,-118.0,2026-01-02T03:45:15.189Z
50655551,18447287,betparx,6.5,-106,-6.5,-125,1200.0,-3335.0,,,,2026-01-02T03:45:35.167Z
50991376,18447287,betway,6.5,105,-6.5,-130,1200.0,-10000.0,237.5,-110.0,-115.0,2026-01-02T03:43:26.436Z
52955382,18447287,bet365,15.5,-115,-15.5,-115,2000.0,-25000.0,233.5,115.0,-145.0,2026-01-02T03:43:54.824Z
47422201,18447301,polymarket,-3.5,199900,3.5,-199900,199900.0,-199900.0,233.5,-199900.0,199900.0,2026-01-04T05:07:00.385Z
52005551,18447301,kalshi,-9.5,4900,9.5,-4900,9900.0,-19900.0,232.5,-19900.0,19900.0,2026-01-04T03:02:11.803Z
55393628,18447301,fanduel,9.5,-110,-9.5,-120,-100000.0,-100000.0,250.5,110.0,-146.0,2026-01-04T02:59:20.146Z
55499474,18447301,rebet,10.5,-105,-10.5,-133,2500.0,-10000.0,238.5,-111.0,-125.0,2026-01-04T02:58:45.596Z
55567944,18447301,caesars,11.5,-20000,-11.5,3000,1000.0,-2500.0,249.5,2500.0,-15000.0,2026-01-04T02:59:30.480Z
55568355,18447301,draftkings,9.5,-120,-9.5,-110,950.0,-1950.0,245.5,114.0,-145.0,2026-01-04T02:59:00.280Z
55739147,18447301,betway,8.5,-130,-8.5,105,1200.0,-3333.0,243.5,-115.0,-110.0,2026-01-04T02:59:28.379Z
55761002,18447301,betrivers,7,-127,-7,-108,1300.0,-10000.0,241,-122.0,-113.0,2026-01-04T03:02:05.255Z
55761123,18447301,ballybet,6.5,-108,-6.5,-130,1150.0,-5000.0,240.5,-117.0,-121.0,2026-01-04T03:02:15.183Z
55761796,18447301,betparx,7,-121,-7,-110,1200.0,-3335.0,,,,2026-01-04T03:01:35.260Z
57788795,18447301,bet365,9.5,-120,-9.5,-110,1600.0,-8000.0,247.5,-115.0,-115.0,2026-01-04T02:59:54.702Z
47422219,18447321,polymarket,-14.5,199900,14.5,-199900,199900.0,-199900.0,227.5,-199900.0,199900.0,2026-01-06T06:27:30.418Z
57277035,18447321,kalshi,-4.5,9900,4.5,-9900,9900.0,-19900.0,229.5,-19900.0,19900.0,2026-01-06T04:15:30.422Z
59970347,18447321,fanduel,0.5,-162,-0.5,122,142.0,-184.0,249.5,112.0,-148.0,2026-01-06T04:14:20.112Z
59992575,18447321,draftkings,-1.5,175,1.5,-230,135.0,-175.0,251.5,100.0,-130.0,2026-01-06T04:12:00.346Z
60000752,18447321,caesars,-1.5,-105,1.5,-125,160.0,-200.0,253.5,-120.0,-110.0,2026-01-06T04:13:30.413Z
60107908,18447321,betparx,1,-114,-1,-117,-235.0,170.0,,,,2026-01-06T04:19:35.189Z
60108641,18447321,betrivers,-3,-107,3,-127,-715.0,425.0,244,-125.0,-112.0,2026-01-06T04:19:05.708Z
60108766,18447321,ballybet,-2.5,-132,2.5,-109,-235.0,160.0,245,-121.0,-117.0,2026-01-06T04:19:15.164Z
60345993,18447321,betway,-1.5,-130,1.5,105,-330.0,220.0,261.5,-105.0,-120.0,2026-01-06T04:14:26.792Z
62106932,18447321,rebet,-1.5,-143,1.5,100,100.0,155.0,257.5,-118.0,-118.0,2026-01-06T04:13:45.556Z
62235331,18447321,bet365,1.5,-700,-1.5,450,145.0,-185.0,251.5,-130.0,100.0,2026-01-06T04:17:54.845Z
51905413,18447332,polymarket,-13.5,-199900,13.5,199900,-199900.0,199900.0,233.5,-199900.0,199900.0,2026-01-08T04:51:30.562Z
61321182,18447332,kalshi,-21.5,257,21.5,-257,-19900.0,9900.0,247.5,270.0,-270.0,2026-01-08T02:18:20.890Z
64902313,18447332,betway,-20.5,-105,20.5,-120,-10000.0,1200.0,229.5,100.0,-125.0,2026-01-08T02:17:28.945Z
64985889,18447332,fanduel,-21.5,118,21.5,-158,-100000.0,-100000.0,243.5,108.0,-144.0,2026-01-08T02:18:20.133Z
64990076,18447332,rebet,-16.5,-111,16.5,-118,-10000.0,2300.0,225.5,-118.0,-111.0,2026-01-08T02:17:45.925Z
65000359,18447332,draftkings,-20.5,-130,20.5,100,-50000.0,3500.0,231.5,-125.0,-105.0,2026-01-08T02:14:00.446Z
65006540,18447332,caesars,-22.5,-130,22.5,100,-5000.0,1400.0,240.5,-110.0,-120.0,2026-01-08T02:17:33.197Z
65027044,18447332,betrivers,-23.5,-113,23.5,-121,-5000.0,1100.0,229.5,-114.0,-121.0,2026-01-08T02:21:05.702Z
65027091,18447332,ballybet,-23.5,-115,23.5,-124,-5000.0,1100.0,229.5,-115.0,-122.0,2026-01-08T02:21:15.190Z
65027861,18447332,betparx,-23,-120,23,-110,-10000.0,1700.0,,,,2026-01-08T02:20:35.215Z
66927182,18447332,bet365,-21.5,-115,21.5,-115,-15000.0,1800.0,236.5,-125.0,-105.0,2026-01-08T02:17:54.830Z
56868724,18447347,polymarket,2.5,199900,-2.5,-199900,199900.0,-199900.0,226.5,199900.0,-199900.0,2026-01-10T04:30:30.511Z
66115975,18447347,kalshi,13.5,-150,-13.5,150,9900.0,-19900.0,221.5,4900.0,-4900.0,2026-01-10T02:26:46.944Z
69042311,18447347,fanduel,10.5,-102,-10.5,-130,-100000.0,-100000.0,196.5,120.0,-160.0,2026-01-10T02:26:20.239Z
69201507,18447347,caesars,11.5,320,-11.5,-450,1200.0,-4000.0,206.5,-110.0,-120.0,2026-01-10T02:25:30.577Z
69202262,18447347,draftkings,11.5,100,-11.5,-130,1300.0,-3200.0,202.5,-135.0,105.0,2026-01-10T02:26:00.750Z
69261498,18447347,betparx,11.5,-113,-11.5,-118,1200.0,-3335.0,,,,2026-01-10T02:28:35.216Z
69262413,18447347,betrivers,10.5,-117,-10.5,-117,1000.0,-3335.0,205,-120.0,-117.0,2026-01-10T02:28:05.737Z
69262589,18447347,ballybet,11.5,-121,-11.5,-117,1000.0,-3335.0,205,-120.0,-118.0,2026-01-10T02:28:15.264Z
69328092,18447347,rebet,9.5,-105,-9.5,-125,1850.0,-3333.0,208.5,-118.0,-118.0,2026-01-10T02:25:45.768Z
69748828,18447347,betway,11.5,100,-11.5,-125,1200.0,-10000.0,204.5,-130.0,105.0,2026-01-10T02:25:28.938Z
71677715,18447347,bet365,11.5,-115,-11.5,-115,1050.0,-3000.0,202.5,110.0,-140.0,2026-01-10T02:25:54.737Z
61231836,18447364,polymarket,3.5,-106,-3.5,106,135.0,-135.0,221.5,106.0,-106.0,2026-01-12T16:03:30.239Z
70890710,18447364,kalshi,2.5,113,-2.5,-113,135.0,-141.0,220.5,-108.0,108.0,2026-01-12T16:03:11.030Z
74011119,18447364,fanduel,3.5,-110,-3.5,-110,132.0,-156.0,220.5,-112.0,-108.0,2026-01-12T16:03:19.415Z
74236461,18447364,caesars,3.5,-110,-3.5,-110,130.0,-155.0,221,-110.0,-110.0,2026-01-12T16:03:30.415Z
74237028,18447364,draftkings,3.5,-110,-3.5,-110,130.0,-155.0,221.5,-105.0,-115.0,2026-01-12T16:03:00.081Z
74302829,18447364,rebet,3,-109,-3,-115,123.0,-152.0,220.5,-115.0,-109.0,2026-01-12T16:02:45.138Z
74479854,18447364,betway,3.5,-115,-3.5,-105,125.0,-150.0,221.5,-105.0,-115.0,2026-01-12T16:03:27.508Z
74531159,18447364,ballybet,3.5,-110,-3.5,-110,135.0,-162.0,221,-109.0,-112.0,2026-01-12T16:03:14.613Z
74531781,18447364,betparx,3.5,-110,-3.5,-110,133.0,-165.0,,,,2026-01-12T16:03:34.928Z
74532544,18447364,betrivers,3.5,-112,-3.5,-112,133.0,-165.0,221,-110.0,-113.0,2026-01-12T16:03:04.848Z
76172928,18447364,bet365,-1.5,115,1.5,-145,-1100.0,625.0,230.5,-115.0,-115.0,2026-01-12T02:06:54.743Z
77771655,18447364,betmgm,3.5,-110,-3.5,-110,125.0,-150.0,221.5,-105.0,-115.0,2026-01-12T16:03:17.025Z
77786869,18447374,betrivers,15.5,-114,-15.5,-120,1200.0,-10000.0,219.5,-124.0,-113.0,2026-01-13T03:00:05.757Z
77786876,18447374,betparx,16.5,-124,-16.5,-107,1400.0,-10000.0,,,,2026-01-13T02:59:35.242Z
77786881,18447374,draftkings,14.5,120,-14.5,-154,4000.0,-100000.0,219.5,-105.0,-125.0,2026-01-13T02:55:00.538Z
77786887,18447374,ballybet,16.5,-127,-16.5,-110,1150.0,-10000.0,219.5,-125.0,-114.0,2026-01-13T03:00:15.247Z
77786893,18447374,fanduel,12.5,134,-12.5,-180,-100000.0,-100000.0,218.5,-140.0,106.0,2026-01-13T02:57:20.179Z
77786900,18447374,polymarket,3.5,199900,-3.5,-199900,199900.0,-199900.0,219.5,199900.0,-199900.0,2026-01-13T05:22:00.388Z
77786949,18447374,rebet,15.5,-133,-15.5,-105,2200.0,-10000.0,223.5,-118.0,-111.0,2026-01-13T02:56:46.097Z
77786974,18447374,caesars,13.5,-10000,-13.5,2200,1800.0,-6000.0,221.5,-120.0,-110.0,2026-01-13T02:57:30.504Z
77786980,18447374,betway,16.5,-125,-16.5,100,1200.0,-10000.0,218.5,-125.0,100.0,2026-01-13T02:57:26.850Z
77787035,18447374,betmgm,16.5,-130,-16.5,100,1500.0,-10000.0,217.5,-150.0,115.0,2026-01-13T02:58:17.285Z
77787817,18447374,kalshi,14.5,-9900,-14.5,9900,9900.0,-19900.0,217.5,9900.0,-9900.0,2026-01-13T02:57:55.212Z
78571462,18447374,bet365,13.5,-120,-13.5,-110,2000.0,-25000.0,221.5,115.0,-145.0,2026-01-13T02:57:54.694Z
68479065,18447386,polymarket,-1.5,199900,1.5,-199900,199900.0,-199900.0,240.5,199900.0,-199900.0,2026-01-15T05:30:00.419Z
77792412,18447386,kalshi,-1.5,9900,1.5,-9900,9900.0,-19900.0,241.5,9900.0,-9900.0,2026-01-15T02:30:28.178Z
80775848,18447386,fanduel,25.5,188,-25.5,-260,-100000.0,-20000.0,242.5,110.0,-146.0,2026-01-15T02:29:20.122Z
80981699,18447386,draftkings,26.5,-195,-26.5,150,1500.0,-4000.0,233.5,-115.0,-115.0,2026-01-15T02:29:00.436Z
80982890,18447386,caesars,26.5,-260,-26.5,200,1100.0,-3000.0,231.5,-105.0,-125.0,2026-01-15T02:29:30.473Z
81037794,18447386,rebet,12.5,-118,-12.5,-111,1450.0,-2500.0,229.5,-111.0,-118.0,2026-01-15T02:29:45.820Z
81384311,18447386,betway,21.5,105,-21.5,-130,1200.0,-10000.0,233.5,-130.0,105.0,2026-01-15T02:29:27.997Z
81495861,18447386,betrivers,22,-118,-22,-115,1200.0,-10000.0,233.5,-106.0,-132.0,2026-01-15T02:31:05.698Z
81496078,18447386,ballybet,23.5,-134,-23.5,-107,1200.0,-10000.0,232.5,-114.0,-127.0,2026-01-15T02:31:15.229Z
81496744,18447386,betparx,23.5,-125,-23.5,-107,1500.0,-10000.0,,,,2026-01-15T02:31:35.193Z
81830529,18447386,betmgm,25.5,-105,-25.5,-125,1650.0,-10000.0,233.5,-105.0,-125.0,2026-01-15T02:30:19.075Z
77786929,18447403,polymarket,-2.5,199900,2.5,-199900,199900.0,-199900.0,232.5,199900.0,-199900.0,2026-01-17T05:14:00.423Z
81064106,18447403,betmgm,-2.5,175,2.5,-235,220.0,-295.0,236.5,105.0,-140.0,2026-01-17T02:35:17.766Z
82554897,18447403,kalshi,5.5,-567,-5.5,567,9900.0,-19900.0,234.5,9900.0,-9900.0,2026-01-17T02:36:47.367Z
83296183,18447403,bet365,1.5,105,-1.5,-135,205.0,-275.0,234.5,-125.0,-105.0,2026-01-17T02:35:54.750Z
85481581,18447403,fanduel,1.5,102,-1.5,-136,176.0,-230.0,236.5,-120.0,-110.0,2026-01-17T02:34:20.124Z
85564523,18447403,caesars,1.5,-130,-1.5,100,120.0,-150.0,232.5,100.0,-130.0,2026-01-17T02:34:30.455Z
85565079,18447403,draftkings,-2.5,105,2.5,-135,300.0,-425.0,234.5,-105.0,-125.0,2026-01-17T02:32:00.404Z
85588405,18447403,betrivers,-3,-121,3,-113,125.0,-167.0,233,-120.0,-117.0,2026-01-17T02:37:05.684Z
85588443,18447403,ballybet,-2.5,-127,2.5,-110,120.0,-175.0,233,-121.0,-118.0,2026-01-17T02:37:15.182Z
85589148,18447403,betparx,-7.5,-115,7.5,-115,125.0,-167.0,,,,2026-01-17T02:36:35.180Z
85736236,18447403,rebet,-5.5,-105,5.5,-133,-500.0,650.0,235.5,-118.0,-118.0,2026-01-17T02:34:45.653Z
86045283,18447403,betway,-2.5,-125,2.5,100,-125.0,-110.0,231.5,-115.0,-110.0,2026-01-17T02:34:27.170Z
80018657,18447427,polymarket,-8.5,-199900,8.5,199900,-199900.0,199900.0,226.5,199900.0,-199900.0,2026-01-20T04:32:30.464Z
89687325,18447427,kalshi,-17.5,2400,17.5,-2400,-19900.0,9900.0,219.5,9900.0,-9900.0,2026-01-20T02:26:09.422Z
92605211,18447427,fanduel,-8.5,-186,8.5,140,-100000.0,-100000.0,218.5,-144.0,108.0,2026-01-20T02:25:20.116Z
92639871,18447427,caesars,-9.5,-105,9.5,-125,-4000.0,1200.0,220.5,110.0,-140.0,2026-01-20T02:24:30.402Z
92642466,18447427,draftkings,-9.5,110,9.5,-140,-2500.0,1100.0,217.5,-140.0,110.0,2026-01-20T02:23:00.329Z
92816440,18447427,betmgm,-10.5,-145,10.5,110,-1400.0,725.0,213.5,-115.0,-110.0,2026-01-20T02:26:17.671Z
92894582,18447427,betparx,-12,-117,12,-114,-3335.0,1150.0,,,,2026-01-20T02:27:35.213Z
92895397,18447427,betrivers,-13,-114,13,-120,-1430.0,650.0,214.5,-121.0,-115.0,2026-01-20T02:27:05.162Z
92895498,18447427,ballybet,-12.5,-120,12.5,-118,-1115.0,575.0,212.5,-120.0,-120.0,2026-01-20T02:27:15.188Z
93051556,18447427,betway,-13.5,105,13.5,-130,-10000.0,1200.0,211.5,-130.0,105.0,2026-01-20T02:25:26.661Z
94459321,18447427,rebet,-8.5,-133,8.5,-105,-2500.0,1550.0,216.5,-118.0,-118.0,2026-01-20T02:24:45.673Z
95046329,18447427,bet365,-9.5,-115,9.5,-115,-20000.0,1900.0,217.5,105.0,-135.0,2026-01-20T02:25:54.722Z
82467356,18447431,polymarket,2.5,199900,-2.5,-199900,199900.0,-199900.0,223.5,-199900.0,199900.0,2026-01-21T04:33:30.421Z
91966560,18447431,kalshi,-1.5,1900,1.5,-1900,9900.0,-19900.0,224.5,-953.0,953.0,2026-01-21T02:32:51.094Z
95076776,18447431,fanduel,6.5,-138,-6.5,104,-100000.0,-100000.0,227.5,100.0,-132.0,2026-01-21T02:31:20.128Z
95091345,18447431,draftkings,5.5,-105,-5.5,-125,2500.0,-15000.0,231.5,-120.0,-110.0,2026-01-21T02:30:00.521Z
95107009,18447431,rebet,7.5,-105,-7.5,-133,1600.0,-2000.0,230.5,-133.0,-105.0,2026-01-21T02:31:45.977Z
95143152,18447431,caesars,5.5,135,-5.5,-170,750.0,-1400.0,229.5,-115.0,-115.0,2026-01-21T02:30:31.639Z
95230870,18447431,betmgm,8.5,-145,-8.5,110,1200.0,-5000.0,232.5,-125.0,-105.0,2026-01-21T02:31:17.554Z
95356455,18447431,betrivers,9.5,-127,-9.5,-107,1150.0,-5000.0,233,-127.0,-110.0,2026-01-21T02:33:05.755Z
95356466,18447431,ballybet,9.5,-132,-9.5,-109,1150.0,-5000.0,233,-129.0,-112.0,2026-01-21T02:32:15.283Z
95357110,18447431,betparx,9.5,-127,-9.5,-106,1400.0,-5000.0,,,,2026-01-21T02:32:35.195Z
95441816,18447431,betway,9.5,-125,-9.5,100,1200.0,-10000.0,232.5,-110.0,-115.0,2026-01-21T02:30:27.792Z
97264816,18447431,bet365,6.5,-115,-6.5,-115,1900.0,-20000.0,226.5,-115.0,-115.0,2026-01-21T02:30:54.822Z
87037302,18447446,polymarket,2.5,-199900,-2.5,199900,-199900.0,199900.0,221.5,-199900.0,199900.0,2026-01-23T04:39:00.621Z
96550992,18447446,kalshi,11.5,122,-11.5,-122,-19900.0,9900.0,236.5,-19900.0,19900.0,2026-01-23T02:38:05.593Z
99643561,18447446,fanduel,-5.5,-152,5.5,116,-20000.0,-100000.0,250.5,116.0,-152.0,2026-01-23T02:36:20.176Z
99646176,18447446,rebet,-1.5,-118,1.5,-118,550.0,-370.0,253.5,-118.0,-118.0,2026-01-23T02:36:45.893Z
99652751,18447446,draftkings,-1.5,-125,1.5,-105,-1150.0,650.0,252.5,-130.0,100.0,2026-01-23T02:35:00.423Z
99828929,18447446,betmgm,1.5,130,-1.5,-170,-325.0,240.0,232.5,-125.0,-105.0,2026-01-23T02:38:17.356Z
99834005,18447446,caesars,-5.5,-20000,5.5,3000,-1600.0,800.0,232.5,-110.0,-120.0,2026-01-23T02:36:30.546Z
99906173,18447446,betrivers,3,-112,-3,-122,-10000.0,1200.0,232.5,-117.0,-120.0,2026-01-23T02:39:05.201Z
99906258,18447446,ballybet,3,-114,-3,-125,-1115.0,500.0,233.5,-117.0,-121.0,2026-01-23T02:39:15.170Z
99906805,18447446,betparx,3,-114,-3,-117,-10000.0,1300.0,,,,2026-01-23T02:39:35.231Z
99911321,18447446,betway,-1.5,-120,1.5,-105,-330.0,220.0,252.5,-110.0,-115.0,2026-01-23T02:37:27.519Z
101824106,18447446,bet365,-5.5,-115,5.5,-115,-550.0,375.0,252.5,-135.0,105.0,2026-01-23T02:37:54.863Z
91802739,18447461,polymarket,-1.5,199900,1.5,-199900,199900.0,-199900.0,229.5,199900.0,-199900.0,2026-01-25T00:58:00.159Z
100765293,18447461,kalshi,4.5,-471,-4.5,471,9900.0,-19900.0,222.5,277.0,-277.0,2026-01-24T22:48:32.693Z
103930946,18447461,fanduel,3.5,118,-3.5,-158,4000.0,-100000.0,222.5,-120.0,-110.0,2026-01-24T22:48:20.105Z
104063096,18447461,betway,5.5,-130,-5.5,105,450.0,-901.0,214.5,-125.0,100.0,2026-01-24T22:47:27.553Z
104158767,18447461,rebet,5.5,100,-5.5,-133,825.0,-556.0,216.5,-105.0,-133.0,2026-01-24T22:47:46.071Z
104170005,18447461,caesars,3.5,100,-3.5,-130,1800.0,-6000.0,217.5,-110.0,-120.0,2026-01-24T22:47:32.599Z
104174007,18447461,draftkings,4.5,120,-4.5,-154,700.0,-1300.0,218.5,-105.0,-125.0,2026-01-24T22:46:00.309Z
104502142,18447461,betrivers,3.5,-120,-3.5,-114,650.0,-1667.0,213,-117.0,-120.0,2026-01-24T22:50:05.147Z
104502243,18447461,ballybet,3.5,-122,-3.5,-117,550.0,-1667.0,212,-121.0,-118.0,2026-01-24T22:50:15.209Z
104502911,18447461,betparx,5,-112,-5,-120,650.0,-1667.0,,,,2026-01-24T22:50:35.193Z
104620340,18447461,betmgm,7.5,105,-7.5,-140,850.0,-2000.0,215.5,-140.0,105.0,2026-01-24T22:48:17.723Z
106071173,18447461,bet365,4.5,-140,-4.5,110,625.0,-1100.0,215.5,-115.0,-115.0,2026-01-24T22:47:54.800Z
96457172,18447475,polymarket,-38.5,18082,38.5,-18082,-199900.0,199900.0,228.5,199900.0,-199900.0,2026-01-27T00:37:30.398Z
105716138,18447475,kalshi,12.5,-9900,-12.5,9900,-19900.0,9900.0,224.5,3233.0,-3233.0,2026-01-26T22:23:49.726Z
108327674,18447475,fanduel,-36.5,-280,36.5,200,-100000.0,-100000.0,223.5,188.0,-260.0,2026-01-26T22:24:20.124Z
108363931,18447475,rebet,-2.5,-110,2.5,-110,-135.0,112.0,228,-110.0,-110.0,2026-01-26T19:19:45.999Z
108366376,18447475,betway,-38.5,-115,38.5,-110,-10000.0,1200.0,216.5,-120.0,-105.0,2026-01-26T22:23:27.605Z
108403610,18447475,draftkings,-36.5,-105,36.5,-125,-15000.0,2500.0,217.5,-125.0,-105.0,2026-01-26T22:24:00.403Z
108414107,18447475,betrivers,-40,-113,40,-121,-10000.0,1200.0,215.5,-112.0,-125.0,2026-01-26T22:26:05.170Z
108414239,18447475,ballybet,-41,-114,41,-125,-10000.0,1150.0,214.5,-130.0,-109.0,2026-01-26T22:26:15.196Z
108414885,18447475,betparx,-39,-118,39,-113,-5000.0,1400.0,,,,2026-01-26T22:25:35.208Z
108495936,18447475,caesars,-37.5,175,37.5,-220,-4000.0,1200.0,223.5,150.0,-190.0,2026-01-26T22:23:30.465Z
108502884,18447475,betmgm,-40.5,-115,40.5,-115,-10000.0,1350.0,216.5,-110.0,-118.0,2026-01-26T22:25:17.804Z
110185831,18447475,bet365,-34.5,100,34.5,-130,-25000.0,2000.0,220.5,135.0,-170.0,2026-01-26T22:23:54.781Z
98681863,18447484,polymarket,-9.5,-199900,9.5,199900,-199900.0,199900.0,221.5,-199900.0,199900.0,2026-01-28T06:19:00.488Z
107695798,18447484,kalshi,-24.5,4900,24.5,-4900,-19900.0,9900.0,235.5,-19900.0,19900.0,2026-01-28T03:30:27.447Z
110491004,18447484,fanduel,-17.5,140,17.5,-188,-100000.0,-100000.0,262.5,-180.0,134.0,2026-01-28T03:30:20.325Z
110499333,18447484,draftkings,-15.5,-130,15.5,100,-100000.0,4000.0,265.5,-120.0,-110.0,2026-01-28T03:29:00.457Z
110529650,18447484,caesars,-16.5,-120,16.5,-110,-20000.0,3000.0,264.5,-110.0,-120.0,2026-01-28T03:29:30.532Z
110598660,18447484,betrivers,-13.5,-112,13.5,-122,-10000.0,1300.0,266.5,-110.0,-127.0,2026-01-28T03:32:05.700Z
110598745,18447484,ballybet,-14.5,-112,14.5,-127,-5000.0,1050.0,266.5,-112.0,-129.0,2026-01-28T03:32:15.261Z
110599377,18447484,betparx,-13.5,-110,13.5,-121,-10000.0,1500.0,,,,2026-01-28T03:31:35.225Z
110718144,18447484,betmgm,-13.5,-125,13.5,-105,-10000.0,1600.0,264.5,-115.0,-115.0,2026-01-28T03:31:18.170Z
111043110,18447484,betway,-13.5,-105,13.5,-120,-10000.0,1200.0,267.5,-110.0,-115.0,2026-01-28T03:29:26.593Z
112383528,18447484,rebet,-15.5,-111,15.5,-125,,,263.5,-133.0,-105.0,2026-01-28T03:29:45.557Z
112918028,18447484,bet365,-17.5,-115,17.5,-115,-15000.0,1800.0,260.5,105.0,-135.0,2026-01-28T03:29:55.064Z
103196220,18447498,polymarket,-11.5,199900,11.5,-199900,-144.0,144.0,229.5,199900.0,-199900.0,2026-01-30T04:44:30.194Z
112083085,18447498,kalshi,1.5,-178,-1.5,178,-19900.0,9900.0,227.5,9900.0,-9900.0,2026-01-30T02:36:00.523Z
115014367,18447498,fanduel,-2.5,-166,2.5,124,-4500.0,1200.0,226.5,114.0,-152.0,2026-01-30T02:35:20.201Z
115078451,18447498,draftkings,-1.5,-130,1.5,100,-238.0,180.0,228.5,-110.0,-120.0,2026-01-30T02:32:00.958Z
115174485,18447498,rebet,0.5,-125,-0.5,-111,,,231.5,-118.0,-118.0,2026-01-30T02:34:45.517Z
115269572,18447498,betrivers,1,-125,-1,-109,-205.0,150.0,232.5,-118.0,-118.0,2026-01-30T02:37:05.166Z
115269628,18447498,ballybet,-1.5,-118,1.5,-121,-106.0,-134.0,230,-117.0,-122.0,2026-01-30T02:37:15.190Z
115270346,18447498,betparx,1,-107,-1,-124,-205.0,150.0,,,,2026-01-30T02:37:35.231Z
115356589,18447498,betmgm,-2.5,100,2.5,-130,-225.0,175.0,229.5,-105.0,-125.0,2026-01-30T02:36:17.781Z
115504778,18447498,betway,1.5,-115,-1.5,-110,-180.0,130.0,232.5,-115.0,-110.0,2026-01-30T02:35:27.873Z
116576867,18447498,caesars,-1.5,-135,1.5,105,-2500.0,1000.0,228.5,-105.0,-125.0,2026-01-30T02:49:00.713Z
116576875,18447498,fanatics,-1.5,100,1.5,-130,-900.0,500.0,228.5,105.0,-150.0,2026-01-30T02:49:00.762Z
117230497,18447498,bet365,-3.5,100,3.5,-130,-8000.0,1600.0,225.5,-125.0,-105.0,2026-01-30T02:34:54.902Z
107611666,18447517,polymarket,-10.5,199900,10.5,-199900,-199900.0,199900.0,232.5,-199900.0,199900.0,2026-02-01T05:42:00.330Z
119168504,18447517,fanduel,-10.5,108,10.5,-144,-100000.0,-100000.0,240.5,-120.0,-110.0,2026-02-01T02:49:20.141Z
119254022,18447517,fanatics,-8.5,125,8.5,-165,-200000.0,20000.0,235.5,-115.0,-115.0,2026-02-01T02:58:00.561Z
119298857,18447517,draftkings,-9.5,-154,9.5,120,-1950.0,950.0,234.5,-120.0,-110.0,2026-02-01T02:48:00.502Z
119318292,18447517,betmgm,-6.5,100,6.5,-130,-625.0,400.0,238.5,-118.0,-110.0,2026-02-01T02:50:18.270Z
119339708,18447517,caesars,-5.5,-150,5.5,120,-6000.0,1800.0,236.5,-120.0,-110.0,2026-02-01T02:42:00.660Z
119468087,18447517,rebet,-2.5,-111,2.5,-125,,,241.5,-118.0,-118.0,2026-02-01T02:48:45.569Z
119560102,18447517,betrivers,-3.5,-125,3.5,-109,-1667.0,700.0,241,-114.0,-122.0,2026-02-01T02:51:05.740Z
119560121,18447517,ballybet,-4.5,-110,4.5,-127,-835.0,420.0,239.5,-115.0,-124.0,2026-02-01T02:51:15.194Z
119560792,18447517,betparx,-4.5,-107,4.5,-124,-5000.0,1050.0,,,,2026-02-01T02:51:35.218Z
119700068,18447517,betway,-4.5,100,4.5,-125,-10000.0,1000.0,238.5,-125.0,100.0,2026-02-01T02:49:27.011Z
119725887,18447517,kalshi,-12.5,9900,12.5,-9900,-19900.0,9900.0,244.5,9900.0,-9900.0,2026-02-01T02:51:25.772Z
121388617,18447517,bet365,-10.5,100,10.5,-130,-1000.0,600.0,235.5,-120.0,-110.0,2026-02-01T02:48:55.041Z
33422342,20054964,fanduel,-10.5,-102,10.5,-130,-100000.0,-100000.0,222.5,132.0,-178.0,2025-12-13T02:31:20.119Z
33424439,20054964,rebet,-6.5,105,6.5,-143,-1000.0,1000.0,236.5,-125.0,-105.0,2025-12-13T02:30:45.780Z
33427649,20054964,draftkings,-7.5,-130,7.5,100,-20000.0,3000.0,225.5,100.0,-130.0,2025-12-13T02:30:00.224Z
33476569,20054964,caesars,-9.5,-140,9.5,110,-3000.0,1100.0,226.5,-125.0,-105.0,2025-12-13T02:30:32.919Z
33513532,20054964,betrivers,-5,-112,5,-130,-1000.0,440.0,225,-125.0,-117.0,2025-12-13T02:33:05.116Z
33513658,20054964,ballybet,-5,-115,5,-122,-1115.0,475.0,225,-124.0,-115.0,2025-12-13T02:33:15.185Z
33513820,20054964,betparx,-4.5,-129,4.5,-104,-10000.0,1150.0,225,-120.0,-112.0,2025-12-13T02:33:35.232Z
33541166,20054964,betway,-5.5,105,5.5,-130,-10000.0,1100.0,224.5,-110.0,-115.0,2025-12-13T02:31:27.609Z
33891105,20054964,betmgm,-7.5,-105,7.5,-115,-285.0,230.0,224.5,-110.0,-110.0,2025-12-12T20:25:17.760Z
34445599,20054964,bet365,-10.5,-115,10.5,-115,-10000.0,1700.0,225.5,-115.0,-115.0,2025-12-13T02:30:54.876Z
34611362,20054970,fanduel,-2.5,-600,2.5,370,-4000.0,1100.0,237.5,140.0,-188.0,2025-12-15T01:32:20.113Z
34612653,20054970,rebet,-4.5,-125,4.5,-111,-400.0,525.0,240.5,-118.0,-118.0,2025-12-15T01:31:45.732Z
34620231,20054970,draftkings,-2.5,-110,2.5,-120,-1950.0,950.0,236.5,-160.0,124.0,2025-12-15T01:30:00.310Z
34660058,20054970,betrivers,-5,-115,5,-127,-106.0,-139.0,242,-115.0,-129.0,2025-12-15T01:34:05.668Z
34660132,20054970,ballybet,-5,-114,5,-125,-105.0,-137.0,242,-114.0,-125.0,2025-12-15T01:34:15.163Z
34660270,20054970,betparx,-3.5,-105,3.5,-129,-157.0,117.0,239.5,-113.0,-118.0,2025-12-15T01:33:35.158Z
34721149,20054970,caesars,-3.5,1800,3.5,-6000,-4000.0,1200.0,237.5,900.0,-2000.0,2025-12-15T01:31:30.283Z
35329010,20054970,betway,-5.5,-115,5.5,-110,-599.0,350.0,240.5,100.0,-125.0,2025-12-15T01:32:27.051Z
35799716,20054970,bet365,-1.5,-140,1.5,110,-280.0,215.0,237.5,-105.0,-125.0,2025-12-15T01:32:54.686Z
