stat_id,game_id,game_date,player_id,player_name,player_position,team_id,team_abbr,min,pts,reb,ast,stl,blk,turnover,pf,fgm,fga,fg_pct,fg3m,fg3a,fg3_pct,ftm,fta,ft_pct,oreb,dreb,plus_minus
20758858,18446826,2025-10-22,70,Jaylen Brown,G,2,BOS,36,25,6,4,0,0,2,4,9,18,0.5,2,4,0.5,5,6,0.833,0,6,0.0
20758859,18446826,2025-10-22,17896060,Sam Hauser,F,2,BOS,22,8,2,1,0,0,3,3,2,6,0.333,2,6,0.333,2,2,1.0,0,2,8.0
20758860,18446826,2025-10-22,17553967,Neemias Queta,C,2,BOS,25,17,8,0,0,0,2,6,7,8,0.875,0,0,,3,4,0.75,2,6,2.0
20758861,18446826,2025-10-22,3547276,Payton Pritchard,G,2,BOS,37,16,5,2,2,0,2,3,6,14,0.429,1,7,0.143,3,4,0.75,2,3,6.0
20758907,18446826,2025-10-22,473,Derrick White,G,2,BOS,35,25,3,4,1,1,0,1,7,20,0.35,4,13,0.308,7,7,1.0,0,3,-3.0
20758908,18446826,2025-10-22,58,Chris Boucher,F,2,BOS,16,6,4,1,1,0,0,0,2,4,0.5,0,2,0.0,2,2,1.0,0,4,-4.0
20758909,18446826,2025-10-22,17896056,Luka Garza,C,2,BOS,6,0,1,0,0,1,2,1,0,2,0.0,0,2,0.0,0,0,,0,1,-3.0
20758910,18446826,2025-10-22,1057277425,Hugo González,G,2,BOS,00,0,0,0,0,0,0,0,0,0,0.0,0,0,0.0,0,0,0.0,0,0,
20758911,18446826,2025-10-22,38017715,Josh Minott,F,2,BOS,14,2,2,2,0,0,0,4,1,1,1.0,0,0,,0,0,,2,0,-6.0
20758912,18446826,2025-10-22,1028028434,Baylor Scheierman,G,2,BOS,00,0,0,0,0,0,0,0,0,0,0.0,0,0,0.0,0,0,0.0,0,0,
20758913,18446826,2025-10-22,1057396191,Max Shulga,G,2,BOS,00,0,0,0,0,0,0,0,0,0,0.0,0,0,0.0,0,0,0.0,0,0,
20758914,18446826,2025-10-22,419,Anfernee Simons,G,2,BOS,32,13,4,1,1,1,0,2,5,10,0.5,2,6,0.333,1,1,1.0,1,3,-5.0
20758915,18446826,2025-10-22,3547285,Xavier Tillman,F,2,BOS,16,4,7,1,2,1,0,4,2,8,0.25,0,3,0.0,0,0,,3,4,0.0
20758916,18446826,2025-10-22,56677864,Jordan Walsh,G,2,BOS,00,0,0,0,0,0,0,0,0,0,0.0,0,0,0.0,0,0,0.0,0,0,
20758917,18446826,2025-10-22,38017717,Ron Harper Jr.,F,2,BOS,00,0,0,0,0,0,0,0,0,0,0.0,0,0,0.0,0,0,0.0,0,0,
20758918,18446826,2025-10-22,434,Jayson Tatum,F,2,BOS,00,0,0,0,0,0,0,0,0,0,0.0,0,0,0.0,0,0,0.0,0,0,
20758919,18446826,2025-10-22,1057396966,Amari Williams,F-C,2,BOS,00,0,0,0,0,0,0,0,0,0,0.0,0,0,0.0,0,0,0.0,0,0,
20892764,18446849,2025-10-25,413,Collin Sexton,G,4,CHA,30,21,2,7,1,0,1,4,7,13,0.538,3,5,0.6,4,6,0.667,0,2,-19.0
20892765,18446849,2025-10-25,3547239,LaMelo Ball,G,4,CHA,34,27,10,8,3,1,4,5,8,18,0.444,4,11,0.364,7,8,0.875,2,8,12.0
20892766,18446849,2025-10-25,105,Pat Connaughton,G,4,CHA,00,0,0,0,0,0,0,0,0,0,0.0,0,0,0.0,0,0,0.0,0,0,
20892767,18446849,2025-10-25,38017725,Moussa Diabate,F,4,CHA,17,6,2,0,1,1,0,2,2,2,1.0,0,0,,2,7,0.286,0,2,-4.0
20892813,18446849,2025-10-25,1057384156,Sion James,G,4,CHA,19,10,2,1,0,0,1,0,4,5,0.8,2,2,1.0,0,0,,1,1,3.0
20892814,18446849,2025-10-25,1057263194,Kon Knueppel,G-F,4,CHA,30,14,3,1,0,0,3,4,5,11,0.455,3,6,0.5,1,2,0.5,2,1,0.0
20892815,18446849,2025-10-25,17896036,Tre Mann,G,4,CHA,22,4,5,2,0,0,3,4,1,7,0.143,0,5,0.0,2,2,1.0,1,4,4.0
20892816,18446849,2025-10-25,1057278805,Liam McNeeley,F,4,CHA,00,0,0,0,0,0,0,0,0,0,0.0,0,0,0.0,0,0,0.0,0,0,
20892817,18446849,2025-10-25,371,Mason Plumlee,F-C,4,CHA,5,0,0,1,0,0,0,0,0,0,,0,0,,0,0,,0,0,-1.0
20892818,18446849,2025-10-25,1028028379,Tidjane Salaun,F,4,CHA,13,3,5,1,0,0,0,1,1,2,0.5,1,2,0.5,0,0,,1,4,0.0
20892819,18446849,2025-10-25,3547258,Josh Green,G,4,CHA,00,0,0,0,0,0,0,0,0,0,0.0,0,0,0.0,0,0,0.0,0,0,
20892820,18446849,2025-10-25,64270311,Drew Peterson,F,4,CHA,00,0,0,0,0,0,0,0,0,0,0.0,0,0,0.0,0,0,0.0,0,0,
20892821,18446849,2025-10-25,1028038100,Antonio Reeves,G,4,CHA,00,0,0,0,0,0,0,0,0,0,0.0,0,0,0.0,0,0,0.0,0,0,
20892852,18446849,2025-10-25,1057384362,Ryan Kalkbrenner,C,4,CHA,26,14,7,1,1,1,1,3,7,7,1.0,0,0,,0,0,,4,3,1.0
20892865,18446849,2025-10-25,56677823,Brandon Miller,F,4,CHA,9,4,0,1,0,0,2,1,2,6,0.333,0,2,0.0,0,0,,0,0,-12.0
20892866,18446849,2025-10-25,62,Miles Bridges,F,4,CHA,35,18,9,7,0,0,1,2,6,18,0.333,3,9,0.333,3,3,1.0,2,7,-4.0
20892867,18446849,2025-10-25,1028038474,K.J. Simpson,G,4,CHA,00,0,0,0,0,0,0,0,0,0,0.0,0,0,0.0,0,0,0.0,0,0,
20892868,18446849,2025-10-25,666965,Grant Williams,F,4,CHA,00,0,0,0,0,0,0,0,0,0,0.0,0,0,0.0,0,0,0.0,0,0,
20974683,18446863,2025-10-27,17896026,Franz Wagner,F,22,ORL,36,22,4,4,0,1,0,1,8,12,0.667,1,4,0.25,5,7,0.714,1,3,-12.0
20974684,18446863,2025-10-27,38017683,Paolo Banchero,F,22,ORL,38,32,7,5,0,3,2,3,10,18,0.556,1,4,0.25,11,11,1.0,1,6,-15.0
20974685,18446863,2025-10-27,85,Wendell Carter Jr.,F,22,ORL,34,10,10,2,1,2,2,3,4,11,0.364,1,2,0.5,1,3,0.333,4,6,-19.0
20974686,18446863,2025-10-27,3547287,Desmond Bane,G,22,ORL,34,24,3,1,0,0,0,6,10,17,0.588,2,7,0.286,2,2,1.0,1,2,-14.0
20974687,18446863,2025-10-27,17896073,Jalen Suggs,G,22,ORL,21,12,6,6,0,0,4,3,4,7,0.571,1,3,0.333,3,4,0.75,2,4,-9.0
20974688,18446863,2025-10-27,666442,Goga Bitadze,C,22,ORL,14,5,3,2,1,0,2,2,2,3,0.667,0,0,,1,4,0.25,0,3,7.0
20974689,18446863,2025-10-27,56677827,Anthony Black,G,22,ORL,30,14,3,2,1,1,3,2,5,10,0.5,1,3,0.333,3,7,0.429,1,2,-4.0
20974690,18446863,2025-10-27,1028025497,Tristan Da Silva,F,22,ORL,15,0,2,1,0,0,0,0,0,2,0.0,0,1,0.0,0,0,,0,2,9.0
20974691,18446863,2025-10-27,56677839,Jett Howard,G,22,ORL,00,0,0,0,0,0,0,0,0,0,0.0,0,0,0.0,0,0,0.0,0,0,
20974692,18446863,2025-10-27,229,Jonathan Isaac,F,22,ORL,00,0,0,0,0,0,0,0,0,0,0.0,0,0,0.0,0,0,0.0,0,0,
20974693,18446863,2025-10-27,249,Tyus Jones,G,22,ORL,10,2,3,2,1,0,0,0,1,1,1.0,0,0,,0,0,,2,1,5.0
20974694,18446863,2025-10-27,1057385481,Noah Penda,G-F,22,ORL,7,3,2,1,0,0,0,2,1,1,1.0,1,1,1.0,0,0,,1,1,-6.0
20974695,18446863,2025-10-27,1057279571,Jase Richardson,G,22,ORL,1,0,0,1,0,0,0,0,0,0,,0,0,,0,0,,0,0,-2.0
20974696,18446863,2025-10-27,38017734,Jamal Cain,F,22,ORL,00,0,0,0,0,0,0,0,0,0,0.0,0,0,0.0,0,0,0.0,0,0,
20974730,18446863,2025-10-27,56677738,Colin Castleton,C,22,ORL,00,0,0,0,0,0,0,0,0,0,0.0,0,0,0.0,0,0,0.0,0,0,
20974731,18446863,2025-10-27,39398582,Orlando Robinson,C,22,ORL,00,0,0,0,0,0,0,0,0,0,0.0,0,0,0.0,0,0,0.0,0,0,
20974732,18446863,2025-10-27,462,Moritz Wagner,C,22,ORL,00,0,0,0,0,0,0,0,0,0,0.0,0,0,0.0,0,0,0.0,0,0,
21031052,18446872,2025-10-28,1028026060,KyShawn George,F,30,WAS,40,20,9,7,2,1,1,5,8,17,0.471,4,7,0.571,0,2,0.0,1,8,-21.0
21031053,18446872,2025-10-28,315,Khris Middleton,F,30,WAS,31,13,10,3,0,0,2,4,4,11,0.364,1,3,0.333,4,4,1.0,5,5,-5.0
21031054,18446872,2025-10-28,1028028405,Alexandre Sarr,C,30,WAS,34,31,11,5,2,2,5,4,13,23,0.565,3,7,0.429,2,2,1.0,3,8,3.0
21031055,18446872,2025-10-28,303,CJ McCollum,G,30,WAS,40,14,1,7,1,0,1,4,4,14,0.286,2,6,0.333,4,4,1.0,0,1,7.0
21031056,18446872,2025-10-28,1028025235,Carlton Carrington,G,30,WAS,38,10,5,5,1,1,2,4,3,6,0.5,2,3,0.667,2,2,1.0,0,5,4.0
21031057,18446872,2025-10-28,24,Marvin Bagley III,F,30,WAS,19,14,7,3,2,1,1,3,6,7,0.857,0,0,,2,4,0.5,3,4,-4.0
21031058,18446872,2025-10-28,17896039,Justin Champagnie,F,30,WAS,0,0,0,0,0,0,0,0,0,0,,0,0,,0,0,,0,0,-4.0
21031059,18446872,2025-10-28,3547302,Anthony Gill,F,30,WAS,00,0,0,0,0,0,0,0,0,0,0.0,0,0,0.0,0,0,0.0,0,0,
21031060,18446872,2025-10-28,1028026717,AJ Johnson,G,30,WAS,00,0,0,0,0,0,0,0,0,0,0.0,0,0,0.0,0,0,0.0,0,0,
21031061,18446872,2025-10-28,1057262985,Tre Johnson,G,30,WAS,26,10,2,2,0,0,1,3,4,11,0.364,2,7,0.286,0,0,,1,1,3.0
21031062,18446872,2025-10-28,17896045,Corey Kispert,F,30,WAS,25,13,5,1,0,0,1,1,5,11,0.455,2,8,0.25,1,3,0.333,0,5,4.0
21031063,18446872,2025-10-28,1057279594,Will Riley,F,30,WAS,00,0,0,0,0,0,0,0,0,0,0.0,0,0,0.0,0,0,0.0,0,0,
21031064,18446872,2025-10-28,1016384149,Tristan Vukcevic,F,30,WAS,00,0,0,0,0,0,0,0,0,0,0.0,0,0,0.0,0,0,0.0,0,0,
21031065,18446872,2025-10-28,1057391756,Jamir Watkins,F,30,WAS,0,0,0,0,0,0,0,0,0,0,,0,0,,0,0,,0,0,-4.0
21031066,18446872,2025-10-28,56677831,Cam Whitmore,F,30,WAS,13,9,0,0,2,0,1,2,4,7,0.571,1,2,0.5,0,0,,0,0,-8.0
21031067,18446872,2025-10-28,38017692,Malaki Branham,F,30,WAS,00,0,0,0,0,0,0,0,0,0,0.0,0,0,0.0,0,0,0.0,0,0,
21031068,18446872,2025-10-28,17896029,Sharife Cooper,G,30,WAS,00,0,0,0,0,0,0,0,0,0,0.0,0,0,0.0,0,0,0.0,0,0,
21031069,18446872,2025-10-28,56677844,Bilal Coulibaly,G,30,WAS,00,0,0,0,0,0,0,0,0,0,0.0,0,0,0.0,0,0,0.0,0,0,
21132048,18446892,2025-10-31,38017715,Josh Minott,F,2,BOS,22,2,8,1,0,1,0,2,0,5,0.0,0,2,0.0,2,4,0.5,3,5,-4.0
21132049,18446892,2025-10-31,70,Jaylen Brown,G,2,BOS,32,32,3,6,1,1,5,4,13,19,0.684,4,7,0.571,2,3,0.667,1,2,-11.0
21132050,18446892,2025-10-31,17553967,Neemias Queta,C,2,BOS,19,4,4,1,0,3,0,3,2,2,1.0,0,0,,0,0,,0,4,-3.0
21132051,18446892,2025-10-31,473,Derrick White,G,2,BOS,35,15,4,4,2,1,2,3,6,16,0.375,2,7,0.286,1,2,0.5,1,3,-15.0
21132052,18446892,2025-10-31,3547276,Payton Pritchard,G,2,BOS,33,15,2,5,2,0,1,0,7,17,0.412,1,9,0.111,0,0,,1,1,-4.0
21132053,18446892,2025-10-31,58,Chris Boucher,F,2,BOS,00,0,0,0,0,0,0,0,0,0,0.0,0,0,0.0,0,0,0.0,0,0,
21132054,18446892,2025-10-31,17896056,Luka Garza,C,2,BOS,15,9,5,1,0,0,0,2,4,5,0.8,1,1,1.0,0,0,,2,3,5.0
21132055,18446892,2025-10-31,1057277425,Hugo González,G,2,BOS,15,5,5,2,2,0,0,5,2,5,0.4,1,2,0.5,0,0,,3,2,10.0
21132056,18446892,2025-10-31,17896060,Sam Hauser,F,2,BOS,24,3,6,3,1,0,0,2,1,6,0.167,1,4,0.25,0,0,,3,3,3.0
21132057,18446892,2025-10-31,1028028434,Baylor Scheierman,G,2,BOS,3,0,0,0,0,0,0,1,0,1,0.0,0,1,0.0,0,0,,0,0,2.0
21132058,18446892,2025-10-31,419,Anfernee Simons,G,2,BOS,29,19,4,2,0,1,1,1,7,21,0.333,3,9,0.333,2,3,0.667,1,3,23.0
21132059,18446892,2025-10-31,3547285,Xavier Tillman,F,2,BOS,13,5,4,1,0,0,0,1,2,4,0.5,1,3,0.333,0,0,,1,3,-1.0
21132060,18446892,2025-10-31,56677864,Jordan Walsh,G,2,BOS,00,0,0,0,0,0,0,0,0,0,0.0,0,0,0.0,0,0,0.0,0,0,
21132061,18446892,2025-10-31,38017717,Ron Harper Jr.,F,2,BOS,00,0,0,0,0,0,0,0,0,0,0.0,0,0,0.0,0,0,0.0,0,0,
21132062,18446892,2025-10-31,1057396191,Max Shulga,G,2,BOS,00,0,0,0,0,0,0,0,0,0,0.0,0,0,0.0,0,0,0.0,0,0,
21132063,18446892,2025-10-31,434,Jayson Tatum,F,2,BOS,00,0,0,0,0,0,0,0,0,0,0.0,0,0,0.0,0,0,0.0,0,0,
21132064,18446892,2025-10-31,1057396966,Amari Williams,F-C,2,BOS,00,0,0,0,0,0,0,0,0,0,0.0,0,0,0.0,0,0,0.0,0,0,
21208252,18446906,2025-11-02,666743,Terance Mann,G,3,BKN,34,17,5,4,3,0,1,4,7,10,0.7,0,2,0.0,3,5,0.6,4,1,-12.0
21208253,18446906,2025-11-02,375,Michael Porter Jr.,F,3,BKN,31,17,17,2,1,0,3,2,7,23,0.304,1,12,0.083,2,2,1.0,3,14,-6.0
21208271,18446906,2025-11-02,666508,Nicolas Claxton,F-C,3,BKN,34,19,7,5,1,3,2,2,8,11,0.727,0,1,0.0,3,6,0.5,0,7,-9.0
21208272,18446906,2025-11-02,17896048,Cam Thomas,G,3,BKN,35,29,1,1,0,0,3,2,9,19,0.474,4,7,0.571,7,7,1.0,1,0,-5.0
21208273,18446906,2025-11-02,38017722,Tyrese Martin,G,3,BKN,27,0,2,4,0,1,2,0,0,6,0.0,0,4,0.0,0,0,,0,2,-7.0
21208274,18446906,2025-11-02,56677843,Noah Clowney,F,3,BKN,15,0,5,2,0,0,2,1,0,2,0.0,0,2,0.0,0,0,,2,3,-6.0
21208275,18446906,2025-11-02,1057266813,Egor Demin,G,3,BKN,15,5,0,2,1,0,1,0,2,4,0.5,1,2,0.5,0,0,,0,0,-15.0
21208276,18446906,2025-11-02,1057279425,Drake Powell,F,3,BKN,4,2,0,1,1,0,0,0,1,1,1.0,0,0,,0,0,,0,0,1.0
21208277,18446906,2025-11-02,1057279760,Ben Saraf,G,3,BKN,00,0,0,0,0,0,0,0,0,0,0.0,0,0,0.0,0,0,0.0,0,0,
21208278,18446906,2025-11-02,17896038,Day'Ron Sharpe,C,3,BKN,10,1,2,0,1,0,1,0,0,2,0.0,0,1,0.0,1,2,0.5,1,1,-14.0
21208279,18446906,2025-11-02,1057275262,Nolan Traoré,G,3,BKN,00,0,0,0,0,0,0,0,0,0,0.0,0,0,0.0,0,0,0.0,0,0,
21208280,18446906,2025-11-02,17896027,Ziaire Williams,G-F,3,BKN,20,13,5,0,2,0,2,2,4,9,0.444,1,6,0.167,4,4,1.0,2,3,-23.0
21208281,18446906,2025-11-02,56677722,Jalen Wilson,F,3,BKN,14,2,0,0,0,0,1,2,1,4,0.25,0,2,0.0,0,0,,0,0,-24.0
21208282,18446906,2025-11-02,1043947937,Tyson Etienne,G,3,BKN,00,0,0,0,0,0,0,0,0,0,0.0,0,0,0.0,0,0,0.0,0,0,
21208283,18446906,2025-11-02,3092,Haywood Highsmith,,3,BKN,00,0,0,0,0,0,0,0,0,0,0.0,0,0,0.0,0,0,0.0,0,0,
21208284,18446906,2025-11-02,38017663,E.J. Liddell,F,3,BKN,00,0,0,0,0,0,0,0,0,0,0.0,0,0,0.0,0,0,0.0,0,0,
21208285,18446906,2025-11-02,1057280779,Danny Wolf,F-C,3,BKN,00,0,0,0,0,0,0,0,0,0,0.0,0,0,0.0,0,0,0.0,0,0,
21303168,18446924,2025-11-04,3547247,Isaac Okoro,F-G,5,CHI,33,16,2,5,2,1,1,3,5,8,0.625,3,6,0.5,3,4,0.75,1,1,4.0
21303169,18446924,2025-11-04,1028025177,Matas Buzelis,F,5,CHI,30,10,5,1,1,2,2,3,4,11,0.364,2,4,0.5,0,0,,0,5,9.0
21303170,18446924,2025-11-04,460,Nikola Vucevic,C,5,CHI,31,19,10,0,1,1,1,1,8,14,0.571,1,5,0.2,2,2,1.0,3,7,8.0
21303171,18446924,2025-11-04,3547274,Tre Jones,G,5,CHI,27,8,4,2,3,0,1,0,4,9,0.444,0,0,,0,0,,0,4,-10.0
21303235,18446924,2025-11-04,17896065,Josh Giddey,G,5,CHI,37,29,15,12,1,0,5,3,10,19,0.526,2,4,0.5,7,8,0.875,3,12,8.0
21303236,18446924,2025-11-04,87,Jevon Carter,G,5,CHI,00,0,0,0,0,0,0,0,0,0,0.0,0,0,0.0,0,0,0.0,0,0,
21303237,18446924,2025-11-04,17895983,Ayo Dosunmu,G,5,CHI,00,0,0,0,0,0,0,0,0,0,0.0,0,0,0.0,0,0,0.0,0,0,
21303238,18446924,2025-11-04,221,Kevin Huerter,G,5,CHI,25,12,5,2,1,2,4,1,5,13,0.385,2,6,0.333,0,0,,1,4,5.0
21303239,18446924,2025-11-04,56677857,Julian Phillips,F,5,CHI,5,0,0,0,1,0,0,1,0,0,,0,0,,0,0,,0,0,-2.0
21303240,18446924,2025-11-04,3547264,Jalen Smith,F-C,5,CHI,17,14,4,0,0,0,4,2,4,8,0.5,3,7,0.429,3,4,0.75,2,2,-6.0
21303241,18446924,2025-11-04,38017719,Dalen Terry,F,5,CHI,14,2,1,2,0,2,0,4,1,2,0.5,0,0,,0,0,,0,1,2.0
21303242,18446924,2025-11-04,3547248,Patrick Williams,F,5,CHI,21,3,2,2,1,1,0,1,1,5,0.2,0,2,0.0,1,2,0.5,2,0,-8.0
21303243,18446924,2025-11-04,102,Zach Collins,F-C,5,CHI,00,0,0,0,0,0,0,0,0,0,0.0,0,0,0.0,0,0,0.0,0,0,
21303244,18446924,2025-11-04,1057272081,Noa Essengue,F,5,CHI,00,0,0,0,0,0,0,0,0,0,0.0,0,0,0.0,0,0,0.0,0,0,
21303245,18446924,2025-11-04,1028254340,Trentyn Flowers,F,5,CHI,00,0,0,0,0,0,0,0,0,0,0.0,0,0,0.0,0,0,0.0,0,0,
21303246,18446924,2025-11-04,1028245974,Emanuel Miller,F,5,CHI,00,0,0,0,0,0,0,0,0,0,0.0,0,0,0.0,0,0,0.0,0,0,
21303247,18446924,2025-11-04,1057395493,Lachlan Olbrich,C,5,CHI,00,0,0,0,0,0,0,0,0,0,0.0,0,0,0.0,0,0,0.0,0,0,
21303248,18446924,2025-11-04,666956,Coby White,G,5,CHI,00,0,0,0,0,0,0,0,0,0,0.0,0,0,0.0,0,0,0.0,0,0,
21333300,18446928,2025-11-05,1028028993,Jaylon Tyson,G-F,6,CLE,29,10,5,3,2,1,0,3,4,7,0.571,2,5,0.4,0,0,,2,3,12.0
21333301,18446928,2025-11-05,17896076,Evan Mobley,F-C,6,CLE,34,23,5,3,1,2,4,1,9,17,0.529,3,5,0.6,2,3,0.667,1,4,-2.0
21333302,18446928,2025-11-05,9,Jarrett Allen,C,6,CLE,30,24,10,1,3,3,0,2,11,17,0.647,0,2,0.0,2,2,1.0,3,7,24.0
21333303,18446928,2025-11-05,322,Donovan Mitchell,G,6,CLE,35,46,4,8,1,0,2,0,15,21,0.714,6,11,0.545,10,10,1.0,0,4,17.0
21333304,18446928,2025-11-05,666581,Darius Garland,G,6,CLE,26,8,2,4,0,0,3,3,3,11,0.273,2,7,0.286,0,0,,1,1,5.0
21333305,18446928,2025-11-05,27,Lonzo Ball,G,6,CLE,23,0,1,8,1,1,1,3,0,3,0.0,0,3,0.0,0,0,,0,1,3.0
21333306,18446928,2025-11-05,74,Thomas Bryant,C,6,CLE,1,0,0,0,0,0,1,0,0,0,,0,0,,0,0,,0,0,0.0
21333307,18446928,2025-11-05,3547299,Sam Merrill,G,6,CLE,27,14,0,0,0,0,1,4,4,6,0.667,4,5,0.8,2,2,1.0,0,0,1.0
21333308,18446928,2025-11-05,340,Larry Nance Jr.,F,6,CLE,15,7,5,1,1,0,1,5,3,6,0.5,1,3,0.333,0,0,,3,2,-6.0
21333309,18446928,2025-11-05,56677872,Craig Porter,G,6,CLE,18,0,2,4,0,0,1,1,0,4,0.0,0,3,0.0,0,0,,0,2,4.0
21333310,18446928,2025-11-05,1057395754,Tyrese Proctor,G,6,CLE,1,0,0,0,0,0,0,0,0,0,,0,0,,0,0,,0,0,0.0
21333311,18446928,2025-11-05,1042560902,Nae'Qwan Tomlin,F,6,CLE,1,0,0,0,0,0,0,0,0,0,,0,0,,0,0,,0,0,0.0
21333312,18446928,2025-11-05,666940,Dean Wade,F,6,CLE,1,0,0,1,0,0,0,0,0,0,,0,0,,0,0,,0,0,-3.0
21333313,18446928,2025-11-05,666656,De'Andre Hunter,F,6,CLE,00,0,0,0,0,0,0,0,0,0,0.0,0,0,0.0,0,0,0.0,0,0,
21333314,18446928,2025-11-05,56677854,Chris Livingston,F,6,CLE,00,0,0,0,0,0,0,0,0,0,0.0,0,0,0.0,0,0,0.0,0,0,
21333315,18446928,2025-11-05,666908,Max Strus,G,6,CLE,00,0,0,0,0,0,0,0,0,0,0.0,0,0,0.0,0,0,0.0,0,0,
21333316,18446928,2025-11-05,1028267470,Luke Travers,F,6,CLE,00,0,0,0,0,0,0,0,0,0,0.0,0,0,0.0,0,0,0.0,0,0,
21455477,18446952,2025-11-08,38017620,Ochai Agbaji,G,28,TOR,15,0,2,0,0,0,0,2,0,1,0.0,0,1,0.0,0,0,,0,2,-3.0
21455478,18446952,2025-11-08,227,Brandon Ingram,F,28,TOR,37,21,8,5,0,0,1,3,7,17,0.412,0,3,0.0,7,7,1.0,2,6,-11.0
21455479,18446952,2025-11-08,17896055,Scottie Barnes,G-F,28,TOR,32,18,5,4,2,2,2,6,7,14,0.5,2,5,0.4,2,3,0.667,2,3,4.0
21455480,18446952,2025-11-08,3547269,Immanuel Quickley,G,28,TOR,36,22,6,6,0,0,1,2,8,16,0.5,5,9,0.556,1,2,0.5,0,6,-8.0
21455481,18446952,2025-11-08,666423,RJ Barrett,F-G,28,TOR,34,22,3,6,0,0,1,5,7,12,0.583,2,4,0.5,6,7,0.857,1,2,-14.0
21455482,18446952,2025-11-08,1028243201,Jamison Battle,F,28,TOR,0,0,0,0,0,0,0,0,0,0,,0,0,,0,0,,0,0,3.0
21455483,18446952,2025-11-08,56677828,Gradey Dick,G,28,TOR,12,3,1,0,1,0,1,0,1,6,0.167,1,4,0.25,0,0,,0,1,5.0
21455484,18446952,2025-11-08,17896059,Sandro Mamukelashvili,F,28,TOR,17,10,3,2,2,1,1,2,3,5,0.6,1,3,0.333,3,3,1.0,1,2,-3.0
21455485,18446952,2025-11-08,1028037494,Jonathan Mogbo,F,28,TOR,00,0,0,0,0,0,0,0,0,0,0.0,0,0,0.0,0,0,0.0,0,0,
21455486,18446952,2025-11-08,1057268940,Collin Murray-Boyles,F,28,TOR,22,12,7,1,1,2,1,3,4,6,0.667,1,1,1.0,3,6,0.5,4,3,2.0
21455487,18446952,2025-11-08,1028038426,Jamal Shead,G,28,TOR,24,9,3,5,1,0,2,1,3,7,0.429,3,5,0.6,0,0,,0,3,-9.0
21455488,18446952,2025-11-08,436,Garrett Temple,G-F,28,TOR,00,0,0,0,0,0,0,0,0,0,0.0,0,0,0.0,0,0,0.0,0,0,
21455489,18446952,2025-11-08,1028029111,Ja'Kobe Walter,G,28,TOR,11,3,0,0,0,0,0,1,1,6,0.167,1,3,0.333,0,0,,0,0,-16.0
21455490,18446952,2025-11-08,1057846535,Chucky Hepburn,G,28,TOR,00,0,0,0,0,0,0,0,0,0,0.0,0,0,0.0,0,0,0.0,0,0,
21455491,18446952,2025-11-08,17554004,AJ Lawson,G,28,TOR,00,0,0,0,0,0,0,0,0,0,0.0,0,0,0.0,0,0,0.0,0,0,
21455492,18446952,2025-11-08,1057389862,Alijah Martin,G,28,TOR,00,0,0,0,0,0,0,0,0,0,0.0,0,0,0.0,0,0,0.0,0,0,
21455493,18446952,2025-11-08,373,Jakob Poeltl,C,28,TOR,00,0,0,0,0,0,0,0,0,0,0.0,0,0,0.0,0,0,0.0,0,0,
21501282,18446963,2025-11-09,1028240128,Daniss Jenkins,,9,DET,00,0,0,0,0,0,0,0,0,0,0.0,0,0,0.0,0,0,0.0,0,0,
21501283,18446963,2025-11-09,56677845,Colby Jones,G,9,DET,00,0,0,0,0,0,0,0,0,0,0.0,0,0,0.0,0,0,0.0,0,0,
21501292,18446963,2025-11-09,397,Duncan Robinson,F,9,DET,30,17,1,1,3,0,0,6,5,11,0.455,4,9,0.444,3,3,1.0,0,1,1.0
21501293,18446963,2025-11-09,17896075,Cade Cunningham,G-F,9,DET,41,26,4,11,1,0,5,4,9,20,0.45,1,4,0.25,7,9,0.778,0,4,13.0
21501296,18446963,2025-11-09,666604,Javonte Green,G-F,9,DET,28,6,2,2,1,0,2,2,2,5,0.4,1,3,0.333,1,2,0.5,1,1,4.0
21501297,18446963,2025-11-09,200,Tobias Harris,F,9,DET,00,0,0,0,0,0,0,0,0,0,0.0,0,0,0.0,0,0,0.0,0,0,
21501298,18446963,2025-11-09,38017682,Jaden Ivey,G,9,DET,00,0,0,0,0,0,0,0,0,0,0.0,0,0,0.0,0,0,0.0,0,0,
21501327,18446963,2025-11-09,1028205331,Isaac Jones,F,9,DET,00,0,0,0,0,0,0,0,0,0,0.0,0,0,0.0,0,0,0.0,0,0,
21501328,18446963,2025-11-09,1028036878,Bobi Klintman,F,9,DET,6,0,0,0,0,0,1,1,0,1,0.0,0,0,,0,0,,0,0,-11.0
21501329,18446963,2025-11-09,1057389625,Chaz Lanier,G,9,DET,00,0,0,0,0,0,0,0,0,0,0.0,0,0,0.0,0,0,0.0,0,0,
21501363,18446963,2025-11-09,56677826,Ausar Thompson,G-F,9,DET,34,14,5,4,3,0,2,1,6,10,0.6,1,1,1.0,1,3,0.333,2,3,-11.0
21501364,18446963,2025-11-09,1028026508,Ronald Holland II,F,9,DET,33,9,4,1,2,0,1,1,3,15,0.2,2,7,0.286,1,2,0.5,0,4,8.0
21501365,18446963,2025-11-09,38017694,Jalen Duren,C,9,DET,37,21,16,1,2,2,3,5,8,11,0.727,0,0,,5,7,0.714,4,12,6.0
21501366,18446963,2025-11-09,277,Caris LeVert,G,9,DET,20,14,0,3,0,1,1,0,4,6,0.667,4,5,0.8,2,2,1.0,0,0,8.0
21501367,18446963,2025-11-09,3547270,Paul Reed,F,9,DET,11,4,5,0,0,2,0,1,2,3,0.667,0,1,0.0,0,0,,2,3,-3.0
21501368,18446963,2025-11-09,56677792,Marcus Sasser,G,9,DET,00,0,0,0,0,0,0,0,0,0,0.0,0,0,0.0,0,0,0.0,0,0,
21501369,18446963,2025-11-09,1028267166,Tolu Smith,F,9,DET,00,0,0,0,0,0,0,0,0,0,0.0,0,0,0.0,0,0,0.0,0,0,
21501370,18446963,2025-11-09,3547267,Isaiah Stewart,F-C,9,DET,00,0,0,0,0,0,0,0,0,0,0.0,0,0,0.0,0,0,0.0,0,0,
21588118,18446977,2025-11-11,70,Jaylen Brown,G,2,BOS,35,24,6,5,0,0,2,2,8,18,0.444,1,3,0.333,7,8,0.875,1,5,-5.0
21588119,18446977,2025-11-11,38017715,Josh Minott,F,2,BOS,8,3,1,0,0,0,0,3,1,1,1.0,1,1,1.0,0,0,,0,1,-10.0
21588120,18446977,2025-11-11,17553967,Neemias Queta,C,2,BOS,29,8,10,2,0,2,2,2,4,8,0.5,0,1,0.0,0,0,,4,6,1.0
21588121,18446977,2025-11-11,3547276,Payton Pritchard,G,2,BOS,31,5,3,3,1,0,1,2,2,9,0.222,1,5,0.2,0,0,,1,2,-9.0
21588122,18446977,2025-11-11,473,Derrick White,G,2,BOS,35,18,5,7,0,2,2,2,7,20,0.35,4,11,0.364,0,1,0.0,0,5,0.0
21588123,18446977,2025-11-11,58,Chris Boucher,F,2,BOS,00,0,0,0,0,0,0,0,0,0,0.0,0,0,0.0,0,0,0.0,0,0,
21588131,18446977,2025-11-11,17896056,Luka Garza,C,2,BOS,19,9,8,0,0,0,0,1,3,7,0.429,0,1,0.0,3,4,0.75,4,4,-3.0
21588132,18446977,2025-11-11,1057277425,Hugo González,G,2,BOS,6,5,2,0,1,0,1,2,2,2,1.0,1,1,1.0,0,0,,1,1,-5.0
21588133,18446977,2025-11-11,38017717,Ron Harper Jr.,F,2,BOS,00,0,0,0,0,0,0,0,0,0,0.0,0,0,0.0,0,0,0.0,0,0,
21588134,18446977,2025-11-11,17896060,Sam Hauser,F,2,BOS,21,3,7,0,0,0,0,0,1,5,0.2,1,4,0.25,0,0,,0,7,5.0
21588135,18446977,2025-11-11,1028028434,Baylor Scheierman,G,2,BOS,00,0,0,0,0,0,0,0,0,0,0.0,0,0,0.0,0,0,0.0,0,0,
21588136,18446977,2025-11-11,419,Anfernee Simons,G,2,BOS,26,17,4,5,0,0,2,1,5,15,0.333,3,8,0.375,4,4,1.0,0,4,12.0
21588137,18446977,2025-11-11,3547285,Xavier Tillman,F,2,BOS,00,0,0,0,0,0,0,0,0,0,0.0,0,0,0.0,0,0,0.0,0,0,
21588138,18446977,2025-11-11,56677864,Jordan Walsh,G,2,BOS,29,8,7,1,2,2,0,2,3,7,0.429,1,3,0.333,1,2,0.5,2,5,4.0
21588139,18446977,2025-11-11,1057396191,Max Shulga,G,2,BOS,00,0,0,0,0,0,0,0,0,0,0.0,0,0,0.0,0,0,0.0,0,0,
21588140,18446977,2025-11-11,434,Jayson Tatum,F,2,BOS,00,0,0,0,0,0,0,0,0,0,0.0,0,0,0.0,0,0,0.0,0,0,
21588141,18446977,2025-11-11,1057396966,Amari Williams,F-C,2,BOS,00,0,0,0,0,0,0,0,0,0,0.0,0,0,0.0,0,0,0.0,0,0,
21698689,18446998,2025-11-14,1028026508,Ronald Holland II,F,9,DET,24,9,5,2,3,0,3,3,4,15,0.267,0,3,0.0,1,1,1.0,3,2,0.0
21698690,18446998,2025-11-14,666604,Javonte Green,G-F,9,DET,37,21,9,3,1,2,1,2,5,12,0.417,3,9,0.333,8,9,0.889,1,8,2.0
21698691,18446998,2025-11-14,3547270,Paul Reed,F,9,DET,25,10,8,3,2,3,3,1,5,9,0.556,0,1,0.0,0,0,,2,6,6.0
21698692,18446998,2025-11-14,397,Duncan Robinson,F,9,DET,31,15,6,3,2,1,1,1,5,12,0.417,3,6,0.5,2,3,0.667,1,5,-9.0
21698693,18446998,2025-11-14,1028240128,Daniss Jenkins,,9,DET,35,19,3,8,1,0,2,1,6,15,0.4,5,8,0.625,2,2,1.0,0,3,5.0
21698694,18446998,2025-11-14,1028205331,Isaac Jones,F,9,DET,00,0,0,0,0,0,0,0,0,0,0.0,0,0,0.0,0,0,0.0,0,0,
21698695,18446998,2025-11-14,1028036878,Bobi Klintman,F,9,DET,5,2,0,0,0,0,0,2,1,1,1.0,0,0,,0,0,,0,0,-9.0
21698696,18446998,2025-11-14,1057389625,Chaz Lanier,G,9,DET,19,6,4,4,0,0,0,1,2,6,0.333,2,6,0.333,0,0,,2,2,19.0
21698697,18446998,2025-11-14,277,Caris LeVert,G,9,DET,23,14,2,6,0,1,1,2,5,8,0.625,3,4,0.75,1,2,0.5,0,2,5.0
21698698,18446998,2025-11-14,38017700,Wendell Moore Jr.,G,9,DET,18,4,2,2,0,0,0,1,2,3,0.667,0,1,0.0,0,0,,1,1,23.0
21698699,18446998,2025-11-14,1028267166,Tolu Smith,F,9,DET,00,0,0,0,0,0,0,0,0,0,0.0,0,0,0.0,0,0,0.0,0,0,
21698700,18446998,2025-11-14,3547267,Isaiah Stewart,F-C,9,DET,23,14,7,1,0,0,2,3,6,11,0.545,1,3,0.333,1,1,1.0,3,4,3.0
21698701,18446998,2025-11-14,17896075,Cade Cunningham,G-F,9,DET,00,0,0,0,0,0,0,0,0,0,0.0,0,0,0.0,0,0,0.0,0,0,
21698702,18446998,2025-11-14,38017694,Jalen Duren,C,9,DET,00,0,0,0,0,0,0,0,0,0,0.0,0,0,0.0,0,0,0.0,0,0,
21698703,18446998,2025-11-14,200,Tobias Harris,F,9,DET,00,0,0,0,0,0,0,0,0,0,0.0,0,0,0.0,0,0,0.0,0,0,
21698704,18446998,2025-11-14,38017682,Jaden Ivey,G,9,DET,00,0,0,0,0,0,0,0,0,0,0.0,0,0,0.0,0,0,0.0,0,0,
21698705,18446998,2025-11-14,56677792,Marcus Sasser,G,9,DET,00,0,0,0,0,0,0,0,0,0,0.0,0,0,0.0,0,0,0.0,0,0,
21698706,18446998,2025-11-14,56677826,Ausar Thompson,G-F,9,DET,00,0,0,0,0,0,0,0,0,0,0.0,0,0,0.0,0,0,0.0,0,0,
21824461,18447020,2025-11-17,1057396055,Kobe Sanders,G,13,LAC,30,17,1,1,1,0,1,4,5,11,0.455,3,7,0.429,4,4,1.0,0,1,0.0
21824462,18447020,2025-11-17,101,John Collins,F-C,13,LAC,27,11,7,0,0,0,1,4,3,8,0.375,0,0,,5,5,1.0,1,6,-2.0
21824463,18447020,2025-11-17,493,Ivica Zubac,C,13,LAC,34,14,13,1,1,0,0,1,7,13,0.538,0,0,,0,0,,5,8,-7.0
21824464,18447020,2025-11-17,139,Kris Dunn,G,13,LAC,27,7,2,5,1,0,1,5,3,5,0.6,1,2,0.5,0,0,,1,1,-8.0
21824465,18447020,2025-11-17,192,James Harden,G,13,LAC,37,28,6,5,1,2,4,2,7,25,0.28,2,12,0.167,12,12,1.0,1,5,4.0
21824466,18447020,2025-11-17,33,Nicolas Batum,F-G,13,LAC,21,11,6,1,1,0,1,3,3,7,0.429,3,7,0.429,2,2,1.0,0,6,0.0
21824467,18447020,2025-11-17,53,Bogdan Bogdanovic,G,13,LAC,26,9,7,5,1,0,0,3,3,9,0.333,1,6,0.167,2,3,0.667,0,7,3.0
21824468,18447020,2025-11-17,56677849,Kobe Brown,F,13,LAC,00,0,0,0,0,0,0,0,0,0,0.0,0,0,0.0,0,0,0.0,0,0,
21824469,18447020,2025-11-17,1028035215,Cam Christie,G,13,LAC,12,2,0,0,0,1,1,0,1,2,0.5,0,1,0.0,0,0,,0,0,1.0
21824470,18447020,2025-11-17,283,Brook Lopez,C,13,LAC,14,6,1,0,0,0,1,2,2,5,0.4,1,3,0.333,1,1,1.0,0,1,5.0
21824471,18447020,2025-11-17,1057279105,Yanic Konan Niederhauser,C,13,LAC,00,0,0,0,0,0,0,0,0,0,0.0,0,0,0.0,0,0,0.0,0,0,
21824472,18447020,2025-11-17,367,Chris Paul,G,13,LAC,11,3,2,0,0,0,0,2,1,2,0.5,1,1,1.0,0,0,,0,2,-6.0
21824473,18447020,2025-11-17,1057849029,Jahmyl Telfort,,13,LAC,00,0,0,0,0,0,0,0,0,0,0.0,0,0,0.0,0,0,0.0,0,0,
21824474,18447020,2025-11-17,37,Bradley Beal,G,13,LAC,00,0,0,0,0,0,0,0,0,0,0.0,0,0,0.0,0,0,0.0,0,0,
21824475,18447020,2025-11-17,247,Derrick Jones Jr.,F-G,13,LAC,00,0,0,0,0,0,0,0,0,0,0.0,0,0,0.0,0,0,0.0,0,0,
21824476,18447020,2025-11-17,274,Kawhi Leonard,F,13,LAC,00,0,0,0,0,0,0,0,0,0,0.0,0,0,0.0,0,0,0.0,0,0,
21824477,18447020,2025-11-17,56677856,Jordan Miller,G,13,LAC,00,0,0,0,0,0,0,0,0,0,0.0,0,0,0.0,0,0,0.0,0,0,
21899674,18447035,2025-11-19,227,Brandon Ingram,F,28,TOR,31,22,0,5,0,0,4,5,7,10,0.7,2,2,1.0,6,7,0.857,0,0,-1.0
21899675,18447035,2025-11-19,17896055,Scottie Barnes,G-F,28,TOR,36,16,9,5,1,1,6,2,8,17,0.471,0,2,0.0,0,0,,4,5,14.0
21899676,18447035,2025-11-19,373,Jakob Poeltl,C,28,TOR,33,19,8,4,1,0,1,3,8,10,0.8,0,0,,3,4,0.75,3,5,4.0
21899677,18447035,2025-11-19,666423,RJ Barrett,F-G,28,TOR,34,22,3,4,0,0,0,2,6,12,0.5,2,5,0.4,8,9,0.889,0,3,7.0
21899678,18447035,2025-11-19,3547269,Immanuel Quickley,G,28,TOR,38,18,5,6,3,0,1,2,7,15,0.467,4,9,0.444,0,0,,0,5,8.0
21899688,18447035,2025-11-19,38017620,Ochai Agbaji,G,28,TOR,00,0,0,0,0,0,0,0,0,0,0.0,0,0,0.0,0,0,0.0,0,0,
21899689,18447035,2025-11-19,1028243201,Jamison Battle,F,28,TOR,3,2,0,0,0,0,0,1,1,3,0.333,0,2,0.0,0,0,,0,0,3.0
21899690,18447035,2025-11-19,56677828,Gradey Dick,G,28,TOR,15,4,1,0,2,1,0,0,2,4,0.5,0,2,0.0,0,0,,0,1,4.0
21899691,18447035,2025-11-19,17896059,Sandro Mamukelashvili,F,28,TOR,15,7,2,2,1,0,0,2,2,5,0.4,0,2,0.0,3,4,0.75,1,1,5.0
21899692,18447035,2025-11-19,1028038426,Jamal Shead,G,28,TOR,20,0,2,6,1,0,1,1,0,3,0.0,0,1,0.0,0,0,,0,2,-7.0
21899693,18447035,2025-11-19,436,Garrett Temple,G-F,28,TOR,00,0,0,0,0,0,0,0,0,0,0.0,0,0,0.0,0,0,0.0,0,0,
21899694,18447035,2025-11-19,1028029111,Ja'Kobe Walter,G,28,TOR,15,11,1,1,3,0,1,1,4,5,0.8,3,4,0.75,0,0,,0,1,8.0
21899695,18447035,2025-11-19,1057846535,Chucky Hepburn,G,28,TOR,00,0,0,0,0,0,0,0,0,0,0.0,0,0,0.0,0,0,0.0,0,0,
21899696,18447035,2025-11-19,17554004,AJ Lawson,G,28,TOR,00,0,0,0,0,0,0,0,0,0,0.0,0,0,0.0,0,0,0.0,0,0,
21899697,18447035,2025-11-19,1057389862,Alijah Martin,G,28,TOR,00,0,0,0,0,0,0,0,0,0,0.0,0,0,0.0,0,0,0.0,0,0,
21899698,18447035,2025-11-19,1028037494,Jonathan Mogbo,F,28,TOR,00,0,0,0,0,0,0,0,0,0,0.0,0,0,0.0,0,0,0.0,0,0,
21899699,18447035,2025-11-19,1057268940,Collin Murray-Boyles,F,28,TOR,00,0,0,0,0,0,0,0,0,0,0.0,0,0,0.0,0,0,0.0,0,0,
21948337,18447043,2025-11-20,265,Kyle Kuzma,F,17,MIL,38,17,3,4,2,1,3,4,6,14,0.429,0,3,0.0,5,7,0.714,0,3,1.0
21948338,18447043,2025-11-20,377,Bobby Portis,F,17,MIL,28,19,8,0,1,0,0,2,9,14,0.643,1,1,1.0,0,0,,1,7,-16.0
21948339,18447043,2025-11-20,452,Myles Turner,C-F,17,MIL,28,14,10,1,0,0,0,2,5,13,0.385,3,9,0.333,1,2,0.5,1,9,1.0
21948376,18447043,2025-11-20,38017733,A.J. Green,G,17,MIL,36,9,6,0,1,0,2,2,3,5,0.6,3,5,0.6,0,0,,0,6,-3.0
21948377,18447043,2025-11-20,38017712,Ryan Rollins,G,17,MIL,40,32,6,14,1,0,3,3,13,26,0.5,2,8,0.25,4,4,1.0,1,5,-15.0
21948378,18447043,2025-11-20,2148,Thanasis Antetokounmpo,,17,MIL,00,0,0,0,0,0,0,0,0,0,0.0,0,0,0.0,0,0,0.0,0,0,
21948379,18447043,2025-11-20,3547251,Cole Anthony,G,17,MIL,21,5,4,7,0,0,4,2,2,7,0.286,1,2,0.5,0,0,,0,4,-6.0
21948380,18447043,2025-11-20,666511,Amir Coffey,G,17,MIL,00,0,0,0,0,0,0,0,0,0,0.0,0,0,0.0,0,0,0.0,0,0,
21948381,18447043,2025-11-20,196,Gary Harris,G,17,MIL,20,3,2,2,1,0,0,1,1,1,1.0,1,1,1.0,0,0,,0,2,-3.0
21948382,18447043,2025-11-20,56677852,Andre Jackson Jr.,G,17,MIL,00,0,0,0,0,0,0,0,0,0,0.0,0,0,0.0,0,0,0.0,0,0,
21948383,18447043,2025-11-20,1057848654,Mark Sears,G,17,MIL,00,0,0,0,0,0,0,0,0,0,0.0,0,0,0.0,0,0,0.0,0,0,
21948384,18447043,2025-11-20,17896063,Jericho Sims,F,17,MIL,16,4,3,0,0,1,0,2,2,2,1.0,0,0,,0,0,,0,3,-9.0
21948385,18447043,2025-11-20,3089,Gary Trent Jr.,,17,MIL,38,11,0,2,1,0,2,1,4,10,0.4,3,7,0.429,0,0,,0,0,5.0
21948386,18447043,2025-11-20,1060010671,Alex Antetokounmpo,F,17,MIL,00,0,0,0,0,0,0,0,0,0,0.0,0,0,0.0,0,0,0.0,0,0,
21948387,18447043,2025-11-20,15,Giannis Antetokounmpo,F,17,MIL,00,0,0,0,0,0,0,0,0,0,0.0,0,0,0.0,0,0,0.0,0,0,
21948388,18447043,2025-11-20,64270026,Pete Nance,F,17,MIL,00,0,0,0,0,0,0,0,0,0,0.0,0,0,0.0,0,0,0.0,0,0,
21948389,18447043,2025-11-20,666849,Kevin Porter Jr.,G,17,MIL,00,0,0,0,0,0,0,0,0,0,0.0,0,0,0.0,0,0,0.0,0,0,
21948390,18447043,2025-11-20,383,Taurean Prince,F,17,MIL,00,0,0,0,0,0,0,0,0,0,0.0,0,0,0.0,0,0,0.0,0,0,
22057750,18447061,2025-11-23,1028036986,Pelle Larsson,G,16,MIA,32,6,7,8,1,0,2,3,2,13,0.154,0,6,0.0,2,5,0.4,1,6,9.0
22057751,18447061,2025-11-23,4,Bam Adebayo,C-F,16,MIA,33,18,13,1,1,0,2,1,7,14,0.5,1,4,0.25,3,4,0.75,3,10,4.0
22057752,18447061,2025-11-23,1028029127,Kel'el Ware,C,16,MIA,26,20,16,0,2,0,0,2,7,13,0.538,2,2,1.0,4,5,0.8,8,8,26.0
22057753,18447061,2025-11-23,380,Norman Powell,F-G,16,MIA,29,32,4,1,2,0,1,2,11,18,0.611,4,7,0.571,6,9,0.667,1,3,12.0
22057754,18447061,2025-11-23,17553994,Davion Mitchell,G,16,MIA,31,8,8,12,1,0,1,2,2,6,0.333,1,2,0.5,3,4,0.75,1,7,11.0
22057755,18447061,2025-11-23,38017739,Simone Fontecchio,F,16,MIA,19,6,3,2,0,0,0,1,2,8,0.25,2,7,0.286,0,0,,1,2,-2.0
22057756,18447061,2025-11-23,1057846109,Myron Gardner,F,16,MIA,1,0,0,0,0,0,0,0,0,0,,0,0,,0,0,,0,0,-2.0
22057757,18447061,2025-11-23,56677785,Jaime Jaquez Jr.,G,16,MIA,33,22,2,7,0,0,4,4,10,12,0.833,0,0,,2,3,0.667,1,1,-4.0
22057758,18447061,2025-11-23,1028125584,Keshad Johnson,F,16,MIA,19,4,1,0,0,1,1,1,2,5,0.4,0,1,0.0,0,0,,1,0,-3.0
22057759,18447061,2025-11-23,19465585,Dru Smith,G,16,MIA,17,9,4,1,0,1,2,0,4,7,0.571,1,2,0.5,0,0,,1,3,1.0
22057760,18447061,2025-11-23,1028257937,Jahmir Young,G,16,MIA,1,2,0,0,0,0,0,1,1,2,0.5,0,1,0.0,0,0,,0,0,-2.0
22057761,18447061,2025-11-23,1057846206,Vladislav Goldin,C,16,MIA,00,0,0,0,0,0,0,0,0,0,0.0,0,0,0.0,0,0,0.0,0,0,
22057762,18447061,2025-11-23,666633,Tyler Herro,G,16,MIA,00,0,0,0,0,0,0,0,0,0,0.0,0,0,0.0,0,0,0.0,0,0,
22057763,18447061,2025-11-23,1057272939,Kasparas Jakučionis,G,16,MIA,00,0,0,0,0,0,0,0,0,0,0.0,0,0,0.0,0,0,0.0,0,0,
22057764,18447061,2025-11-23,38017696,Nikola Jovic,F,16,MIA,00,0,0,0,0,0,0,0,0,0,0.0,0,0,0.0,0,0,0.0,0,0,
22057765,18447061,2025-11-23,403,Terry Rozier,G,16,MIA,00,0,0,0,0,0,0,0,0,0,0.0,0,0,0.0,0,0,0.0,0,0,
22057766,18447061,2025-11-23,475,Andrew Wiggins,F-G,16,MIA,00,0,0,0,0,0,0,0,0,0,0.0,0,0,0.0,0,0,0.0,0,0,
22160631,18447080,2025-11-25,1028025497,Tristan Da Silva,F,22,ORL,17,10,4,3,0,1,0,3,4,6,0.667,2,3,0.667,0,0,,0,4,8.0
22160632,18447080,2025-11-25,17896026,Franz Wagner,F,22,ORL,27,21,5,3,1,0,1,0,8,13,0.615,1,2,0.5,4,6,0.667,1,4,22.0
22160633,18447080,2025-11-25,85,Wendell Carter Jr.,F,22,ORL,22,12,8,1,0,0,1,1,4,5,0.8,0,1,0.0,4,4,1.0,3,5,33.0
22160634,18447080,2025-11-25,3547287,Desmond Bane,G,22,ORL,29,15,2,6,2,0,2,4,6,15,0.4,1,5,0.2,2,2,1.0,1,1,44.0
22160635,18447080,2025-11-25,17896073,Jalen Suggs,G,22,ORL,16,4,5,11,2,2,1,2,2,7,0.286,0,3,0.0,0,0,,1,4,12.0
22160636,18447080,2025-11-25,666442,Goga Bitadze,C,22,ORL,20,10,9,2,1,1,1,3,5,9,0.556,0,1,0.0,0,0,,3,6,11.0
22160637,18447080,2025-11-25,56677827,Anthony Black,G,22,ORL,28,31,1,3,1,0,3,2,12,17,0.706,4,6,0.667,3,4,0.75,0,1,31.0
22160638,18447080,2025-11-25,38017734,Jamal Cain,F,22,ORL,9,1,1,1,0,0,0,0,0,0,,0,0,,1,2,0.5,0,1,2.0
22160639,18447080,2025-11-25,56677839,Jett Howard,G,22,ORL,18,13,2,1,0,0,0,1,5,10,0.5,1,5,0.2,2,2,1.0,1,1,14.0
22160640,18447080,2025-11-25,249,Tyus Jones,G,22,ORL,16,10,1,3,1,0,0,2,3,4,0.75,2,3,0.667,2,2,1.0,0,1,7.0
22160641,18447080,2025-11-25,1057385481,Noah Penda,G-F,22,ORL,22,10,9,2,0,0,1,1,3,9,0.333,1,2,0.5,3,4,0.75,5,4,21.0
22160642,18447080,2025-11-25,1057279571,Jase Richardson,G,22,ORL,10,7,0,1,1,0,1,1,2,5,0.4,1,2,0.5,2,2,1.0,0,0,3.0
22160643,18447080,2025-11-25,39398582,Orlando Robinson,C,22,ORL,7,0,0,1,1,0,0,0,0,1,0.0,0,1,0.0,0,0,,0,0,-3.0
22160644,18447080,2025-11-25,38017683,Paolo Banchero,F,22,ORL,00,0,0,0,0,0,0,0,0,0,0.0,0,0,0.0,0,0,0.0,0,0,
22160645,18447080,2025-11-25,56677738,Colin Castleton,C,22,ORL,00,0,0,0,0,0,0,0,0,0,0.0,0,0,0.0,0,0,0.0,0,0,
22160646,18447080,2025-11-25,229,Jonathan Isaac,F,22,ORL,00,0,0,0,0,0,0,0,0,0,0.0,0,0,0.0,0,0,0.0,0,0,
22160647,18447080,2025-11-25,462,Moritz Wagner,C,22,ORL,00,0,0,0,0,0,0,0,0,0,0.0,0,0,0.0,0,0,0.0,0,0,
22224064,18447092,2025-11-28,17896027,Ziaire Williams,G-F,3,BKN,30,10,4,1,1,0,1,0,4,10,0.4,2,6,0.333,0,0,,2,2,-9.0
22224065,18447092,2025-11-28,56677843,Noah Clowney,F,3,BKN,35,16,7,3,1,2,3,4,4,14,0.286,2,9,0.222,6,7,0.857,2,5,-4.0
22224066,18447092,2025-11-28,666508,Nicolas Claxton,F-C,3,BKN,38,12,6,1,1,1,5,2,4,10,0.4,0,2,0.0,4,6,0.667,2,4,-9.0
22224067,18447092,2025-11-28,666743,Terance Mann,G,3,BKN,36,14,4,6,0,0,3,3,5,9,0.556,1,3,0.333,3,3,1.0,2,2,-3.0
22224068,18447092,2025-11-28,1057266813,Egor Demin,G,3,BKN,30,23,9,5,1,2,3,0,8,18,0.444,5,14,0.357,2,2,1.0,1,8,-10.0
22224069,18447092,2025-11-28,1043947937,Tyson Etienne,G,3,BKN,00,0,0,0,0,0,0,0,0,0,0.0,0,0,0.0,0,0,0.0,0,0,
22224070,18447092,2025-11-28,38017722,Tyrese Martin,G,3,BKN,17,16,2,2,1,0,0,1,7,12,0.583,2,4,0.5,0,0,,2,0,-17.0
22224071,18447092,2025-11-28,1057279425,Drake Powell,F,3,BKN,21,4,1,1,0,0,1,2,1,2,0.5,0,0,,2,2,1.0,0,1,-4.0
22224072,18447092,2025-11-28,1057279760,Ben Saraf,G,3,BKN,00,0,0,0,0,0,0,0,0,0,0.0,0,0,0.0,0,0,0.0,0,0,
22224073,18447092,2025-11-28,17896038,Day'Ron Sharpe,C,3,BKN,10,3,3,0,0,0,2,2,1,4,0.25,1,1,1.0,0,0,,2,1,-4.0
22224074,18447092,2025-11-28,56677722,Jalen Wilson,F,3,BKN,10,0,0,1,0,0,0,0,0,4,0.0,0,3,0.0,0,0,,0,0,-6.0
22224075,18447092,2025-11-28,1057280779,Danny Wolf,F-C,3,BKN,13,5,5,1,0,0,0,2,0,2,0.0,0,1,0.0,5,6,0.833,1,4,6.0
22224076,18447092,2025-11-28,3092,Haywood Highsmith,,3,BKN,00,0,0,0,0,0,0,0,0,0,0.0,0,0,0.0,0,0,0.0,0,0,
22224077,18447092,2025-11-28,38017663,E.J. Liddell,F,3,BKN,00,0,0,0,0,0,0,0,0,0,0.0,0,0,0.0,0,0,0.0,0,0,
22224078,18447092,2025-11-28,375,Michael Porter Jr.,F,3,BKN,00,0,0,0,0,0,0,0,0,0,0.0,0,0,0.0,0,0,0.0,0,0,
22224079,18447092,2025-11-28,17896048,Cam Thomas,G,3,BKN,00,0,0,0,0,0,0,0,0,0,0.0,0,0,0.0,0,0,0.0,0,0,
22224080,18447092,2025-11-28,1057275262,Nolan Traoré,G,3,BKN,00,0,0,0,0,0,0,0,0,0,0.0,0,0,0.0,0,0,0.0,0,0,
22326351,18447113,2025-11-30,1028028244,Zaccharie Risacher,F,1,ATL,30,12,2,0,0,1,0,6,5,11,0.455,1,4,0.25,1,2,0.5,0,2,-3.0
22326352,18447113,2025-11-30,17896040,Jalen Johnson,F,1,ATL,45,41,14,7,1,1,6,1,10,21,0.476,4,8,0.5,17,22,0.773,0,14,-3.0
22326353,18447113,2025-11-30,3547244,Onyeka Okongwu,F-C,1,ATL,47,10,13,6,1,0,4,3,5,14,0.357,0,7,0.0,0,0,,3,10,9.0
22326354,18447113,2025-11-30,38017677,Dyson Daniels,G,1,ATL,44,17,9,8,2,0,4,4,8,14,0.571,0,3,0.0,1,3,0.333,4,5,-4.0
22326355,18447113,2025-11-30,666400,Nickeil Alexander-Walker,G,1,ATL,44,34,8,7,1,1,4,5,11,22,0.5,6,11,0.545,6,6,1.0,2,6,19.0
22326356,18447113,2025-11-30,56677806,Mouhamed Gueye,F,1,ATL,23,13,4,0,2,1,1,3,6,8,0.75,1,2,0.5,0,2,0.0,1,3,12.0
22326357,18447113,2025-11-30,38017724,Caleb Houstan,G,1,ATL,00,0,0,0,0,0,0,0,0,0,0.0,0,0,0.0,0,0,0.0,0,0,
22326358,18447113,2025-11-30,254,Luke Kennard,G,1,ATL,15,2,2,5,0,0,1,2,0,4,0.0,0,3,0.0,2,2,1.0,1,1,-7.0
22326384,18447113,2025-11-30,4197387,Vit Krejci,G,1,ATL,26,5,5,1,2,2,1,2,1,5,0.2,1,4,0.25,2,2,1.0,3,2,13.0
22326385,18447113,2025-11-30,1057279093,Asa Newell,F,1,ATL,0,0,0,0,0,0,0,0,0,0,,0,0,,0,0,,0,0,-3.0
22326386,18447113,2025-11-30,378,Kristaps Porzingis,F-C,1,ATL,00,0,0,0,0,0,0,0,0,0,0.0,0,0,0.0,0,0,0.0,0,0,
22326387,18447113,2025-11-30,45088184,Keaton Wallace,G,1,ATL,14,8,1,2,1,0,0,1,2,5,0.4,2,3,0.667,2,2,1.0,0,1,7.0
22326388,18447113,2025-11-30,1028243921,N'Faly Dante,C,1,ATL,00,0,0,0,0,0,0,0,0,0,0.0,0,0,0.0,0,0,0.0,0,0,
22326389,18447113,2025-11-30,1028035632,Nikola Durisic,G,1,ATL,00,0,0,0,0,0,0,0,0,0,0.0,0,0,0.0,0,0,0.0,0,0,
22326390,18447113,2025-11-30,1057847875,Eli John Ndiaye,F,1,ATL,00,0,0,0,0,0,0,0,0,0,0.0,0,0,0.0,0,0,0.0,0,0,
22326391,18447113,2025-11-30,56677795,Jacob Toppin,F,1,ATL,00,0,0,0,0,0,0,0,0,0,0.0,0,0,0.0,0,0,0.0,0,0,
22326392,18447113,2025-11-30,490,Trae Young,G,1,ATL,00,0,0,0,0,0,0,0,0,0,0.0,0,0,0.0,0,0,0.0,0,0,
22421670,18447127,2025-12-02,1028026060,KyShawn George,F,30,WAS,33,11,8,5,0,1,1,4,3,11,0.273,2,5,0.4,3,4,0.75,1,7,-7.0
22421671,18447127,2025-12-02,17896039,Justin Champagnie,F,30,WAS,24,13,7,1,1,1,3,0,3,9,0.333,2,5,0.4,5,5,1.0,3,4,-7.0
22421672,18447127,2025-12-02,24,Marvin Bagley III,F,30,WAS,26,13,8,1,0,5,1,3,3,6,0.5,1,2,0.5,6,6,1.0,4,4,9.0
22421673,18447127,2025-12-02,303,CJ McCollum,G,30,WAS,24,10,3,4,0,1,1,2,5,14,0.357,0,7,0.0,0,0,,0,3,-10.0
22421674,18447127,2025-12-02,56677844,Bilal Coulibaly,G,30,WAS,25,2,5,2,1,1,1,0,1,5,0.2,0,3,0.0,0,0,,1,4,-20.0
22421675,18447127,2025-12-02,38017692,Malaki Branham,F,30,WAS,11,8,5,2,1,0,0,0,3,4,0.75,0,1,0.0,2,4,0.5,1,4,5.0
22421676,18447127,2025-12-02,1028025235,Carlton Carrington,G,30,WAS,25,10,3,3,0,0,4,1,3,12,0.25,2,7,0.286,2,2,1.0,0,3,-25.0
22421677,18447127,2025-12-02,3547302,Anthony Gill,F,30,WAS,8,2,1,0,0,1,0,1,1,1,1.0,0,0,,0,0,,0,1,16.0
22421678,18447127,2025-12-02,315,Khris Middleton,F,30,WAS,00,0,0,0,0,0,0,0,0,0,0.0,0,0,0.0,0,0,0.0,0,0,
22421679,18447127,2025-12-02,1057279594,Will Riley,F,30,WAS,26,13,4,1,1,0,1,2,5,6,0.833,2,2,1.0,1,2,0.5,2,2,-10.0
22421680,18447127,2025-12-02,1016384149,Tristan Vukcevic,F,30,WAS,22,16,4,4,1,0,3,2,6,9,0.667,0,0,,4,7,0.571,1,3,-28.0
22421681,18447127,2025-12-02,56677831,Cam Whitmore,F,30,WAS,16,4,5,0,0,1,0,0,2,11,0.182,0,4,0.0,0,2,0.0,3,2,-18.0
22421682,18447127,2025-12-02,17896029,Sharife Cooper,G,30,WAS,00,0,0,0,0,0,0,0,0,0,0.0,0,0,0.0,0,0,0.0,0,0,
22421683,18447127,2025-12-02,1028026717,AJ Johnson,G,30,WAS,00,0,0,0,0,0,0,0,0,0,0.0,0,0,0.0,0,0,0.0,0,0,
22421684,18447127,2025-12-02,1057262985,Tre Johnson,G,30,WAS,00,0,0,0,0,0,0,0,0,0,0.0,0,0,0.0,0,0,0.0,0,0,
22421685,18447127,2025-12-02,17896045,Corey Kispert,F,30,WAS,00,0,0,0,0,0,0,0,0,0,0.0,0,0,0.0,0,0,0.0,0,0,
22421686,18447127,2025-12-02,1028028405,Alexandre Sarr,C,30,WAS,00,0,0,0,0,0,0,0,0,0,0.0,0,0,0.0,0,0,0.0,0,0,
22421687,18447127,2025-12-02,1057391756,Jamir Watkins,F,30,WAS,00,0,0,0,0,0,0,0,0,0,0.0,0,0,0.0,0,0,0.0,0,0,
22503799,18447142,2025-12-04,1057395872,Will Richard,G,10,GSW,20,5,0,2,2,0,2,2,2,2,1.0,1,1,1.0,0,0,,0,0,10.0
22503800,18447142,2025-12-04,185,Draymond Green,F,10,GSW,9,3,3,0,0,1,1,0,1,3,0.333,1,3,0.333,0,0,,0,3,-10.0
22503801,18447142,2025-12-04,219,Al Horford,C-F,10,GSW,18,3,6,4,1,1,0,0,1,8,0.125,1,7,0.143,0,0,,0,6,3.0
22503802,18447142,2025-12-04,17553992,Moses Moody,G,10,GSW,23,14,2,2,1,0,1,2,5,10,0.5,2,5,0.4,2,2,1.0,1,1,-1.0
22503803,18447142,2025-12-04,56677858,Brandin Podziemski,G,10,GSW,20,6,6,0,1,0,3,0,2,8,0.25,0,5,0.0,2,2,1.0,3,3,-20.0
22503804,18447142,2025-12-04,114,Seth Curry,G,10,GSW,14,0,2,1,1,0,0,2,0,2,0.0,0,1,0.0,0,0,,0,2,8.0
22503805,18447142,2025-12-04,210,Buddy Hield,G,10,GSW,26,14,8,2,2,1,0,4,6,12,0.5,2,7,0.286,0,0,,4,4,-3.0
22503806,18447142,2025-12-04,56677799,Trayce Jackson-Davis,F,10,GSW,4,0,1,1,1,0,0,0,0,1,0.0,0,0,,0,2,0.0,0,1,0.0
22503807,18447142,2025-12-04,17553979,Jonathan Kuminga,F,10,GSW,20,9,6,2,0,0,3,0,4,12,0.333,1,2,0.5,0,2,0.0,1,5,-18.0
22503808,18447142,2025-12-04,313,De'Anthony Melton,G,10,GSW,21,14,1,3,2,1,1,3,5,11,0.455,0,2,0.0,4,4,1.0,0,1,-6.0
22503809,18447142,2025-12-04,2189,Gary Payton II,,10,GSW,3,0,0,1,0,0,0,0,0,0,,0,0,,0,0,,0,0,-4.0
22503810,18447142,2025-12-04,1028047928,Quinten Post,C,10,GSW,25,10,3,4,0,0,0,3,4,8,0.5,2,4,0.5,0,0,,1,2,4.0
22503811,18447142,2025-12-04,57875092,Gui Santos,F,10,GSW,12,4,1,1,0,0,0,3,2,4,0.5,0,2,0.0,0,0,,0,1,15.0
22503812,18447142,2025-12-04,795959473,Pat Spencer,G,10,GSW,24,16,4,4,1,0,2,1,5,8,0.625,2,3,0.667,4,4,1.0,1,3,17.0
22503813,18447142,2025-12-04,79,Jimmy Butler,G-F,10,GSW,00,0,0,0,0,0,0,0,0,0,0.0,0,0,0.0,0,0,0.0,0,0,
22503814,18447142,2025-12-04,1057968644,LJ Cryer,,10,GSW,00,0,0,0,0,0,0,0,0,0,0.0,0,0,0.0,0,0,0.0,0,0,
22503815,18447142,2025-12-04,115,Stephen Curry,G,10,GSW,00,0,0,0,0,0,0,0,0,0,0.0,0,0,0.0,0,0,0.0,0,0,
22503816,18447142,2025-12-04,1057396605,Alex Toohey,F,10,GSW,00,0,0,0,0,0,0,0,0,0,0.0,0,0,0.0,0,0,0.0,0,0,
22551007,18447157,2025-12-05,3089,Gary Trent Jr.,,17,MIL,23,6,1,3,0,0,0,1,2,5,0.4,1,4,0.25,1,1,1.0,0,1,-3.0
22551008,18447157,2025-12-05,1060010671,Alex Antetokounmpo,F,17,MIL,00,0,0,0,0,0,0,0,0,0,0.0,0,0,0.0,0,0,0.0,0,0,
22551024,18447157,2025-12-05,38017733,A.J. Green,G,17,MIL,15,0,0,2,0,0,1,1,0,4,0.0,0,4,0.0,0,0,,0,0,-17.0
22551025,18447157,2025-12-05,17896063,Jericho Sims,F,17,MIL,30,2,9,0,0,1,2,2,1,1,1.0,0,0,,0,0,,3,6,-7.0
22551026,18447157,2025-12-05,452,Myles Turner,C-F,17,MIL,23,19,2,2,0,1,0,3,4,9,0.444,3,7,0.429,8,12,0.667,0,2,-7.0
22551027,18447157,2025-12-05,666849,Kevin Porter Jr.,G,17,MIL,37,20,7,9,2,0,4,2,5,13,0.385,1,3,0.333,9,9,1.0,0,7,-20.0
22551028,18447157,2025-12-05,38017712,Ryan Rollins,G,17,MIL,35,16,6,7,4,0,2,3,6,13,0.462,2,2,1.0,2,2,1.0,1,5,-10.0
22551029,18447157,2025-12-05,2148,Thanasis Antetokounmpo,,17,MIL,1,2,0,0,0,0,0,0,1,1,1.0,0,0,,0,0,,0,0,2.0
22551030,18447157,2025-12-05,3547251,Cole Anthony,G,17,MIL,1,0,0,1,0,0,0,0,0,0,,0,0,,0,0,,0,0,2.0
22551031,18447157,2025-12-05,666511,Amir Coffey,G,17,MIL,1,0,0,0,0,0,0,0,0,0,,0,0,,0,0,,0,0,2.0
22551032,18447157,2025-12-05,196,Gary Harris,G,17,MIL,21,0,3,1,0,0,2,3,0,1,0.0,0,1,0.0,0,0,,0,3,-8.0
22551033,18447157,2025-12-05,56677852,Andre Jackson Jr.,G,17,MIL,1,0,0,0,0,0,0,0,0,1,0.0,0,0,,0,0,,0,0,2.0
22551034,18447157,2025-12-05,265,Kyle Kuzma,F,17,MIL,29,14,5,1,1,1,2,4,7,12,0.583,0,2,0.0,0,3,0.0,3,2,-8.0
22551035,18447157,2025-12-05,64270026,Pete Nance,F,17,MIL,1,0,0,0,0,0,0,0,0,0,,0,0,,0,0,,0,0,2.0
22551036,18447157,2025-12-05,377,Bobby Portis,F,17,MIL,23,22,4,0,1,0,3,2,9,16,0.563,4,9,0.444,0,0,,0,4,-5.0
22551082,18447157,2025-12-05,15,Giannis Antetokounmpo,F,17,MIL,00,0,0,0,0,0,0,0,0,0,0.0,0,0,0.0,0,0,0.0,0,0,
22551083,18447157,2025-12-05,383,Taurean Prince,F,17,MIL,00,0,0,0,0,0,0,0,0,0,0.0,0,0,0.0,0,0,0.0,0,0,
22551084,18447157,2025-12-05,1057848654,Mark Sears,G,17,MIL,00,0,0,0,0,0,0,0,0,0,0.0,0,0,0.0,0,0,0.0,0,0,
22687234,18447171,2025-12-07,17553995,Austin Reaves,G,14,LAL,39,11,4,4,1,1,2,0,3,16,0.188,2,6,0.333,3,5,0.6,1,3,1.0
22687235,18447171,2025-12-07,132,Luka Doncic,F-G,14,LAL,39,31,15,11,0,2,5,1,9,24,0.375,2,9,0.222,11,14,0.786,1,14,12.0
22687236,18447171,2025-12-07,666626,Jaxson Hayes,C,14,LAL,17,3,5,0,0,3,0,5,1,1,1.0,0,0,,1,4,0.25,1,4,-6.0
22687237,18447171,2025-12-07,1028046517,Bronny James,G,14,LAL,00,0,0,0,0,0,0,0,0,0,0.0,0,0,0.0,0,0,0.0,0,0,
22687238,18447171,2025-12-07,257,Maxi Kleber,F,14,LAL,00,0,0,0,0,0,0,0,0,0,0.0,0,0,0.0,0,0,0.0,0,0,
22687239,18447171,2025-12-07,1028026974,Dalton Knecht,F,14,LAL,00,0,0,0,0,0,0,0,0,0,0.0,0,0,0.0,0,0,0.0,0,0,
22687240,18447171,2025-12-07,38017728,Jake LaRavia,F,14,LAL,17,4,2,0,0,0,1,3,1,4,0.25,1,4,0.25,1,2,0.5,0,2,12.0
22687280,18447171,2025-12-07,1057386376,Adou Thiero,G,14,LAL,4,0,0,0,0,0,0,1,0,0,,0,0,,0,0,,0,0,-7.0
22687281,18447171,2025-12-07,457,Jarred Vanderbilt,F,14,LAL,3,0,0,1,0,0,0,1,0,1,0.0,0,1,0.0,0,0,,0,0,0.0
22687284,18447171,2025-12-07,1603383,Gabe Vincent,G,14,LAL,19,3,1,0,0,0,0,3,1,3,0.333,1,3,0.333,0,0,,0,1,-10.0
22687285,18447171,2025-12-07,1057847504,Chris Mañon,G,14,LAL,00,0,0,0,0,0,0,0,0,0,0.0,0,0,0.0,0,0,0.0,0,0,
22687286,18447171,2025-12-07,420,Marcus Smart,G,14,LAL,00,0,0,0,0,0,0,0,0,0,0.0,0,0,0.0,0,0,0.0,0,0,
22687287,18447171,2025-12-07,56677846,Nick Smith Jr.,G,14,LAL,00,0,0,0,0,0,0,0,0,0,0.0,0,0,0.0,0,0,0.0,0,0,
22687288,18447171,2025-12-07,1046672580,Drew Timme,F,14,LAL,00,0,0,0,0,0,0,0,0,0,0.0,0,0,0.0,0,0,0.0,0,0,
22687303,18447171,2025-12-07,237,LeBron James,F,14,LAL,34,29,7,6,1,1,2,1,12,17,0.706,4,6,0.667,1,2,0.5,1,6,1.0
22687304,18447171,2025-12-07,666609,Rui Hachimura,F,14,LAL,36,17,6,1,0,0,0,3,7,12,0.583,3,7,0.429,0,0,,2,4,7.0
22687305,18447171,2025-12-07,22,Deandre Ayton,C,14,LAL,31,14,12,2,1,1,0,4,7,7,1.0,0,0,,0,0,,2,10,10.0
22785271,20054964,2025-12-12,3547245,Tyrese Haliburton,G,12,IND,00,0,0,0,0,0,0,0,0,0,0.0,0,0,0.0,0,0,0.0,0,0,
22785272,20054964,2025-12-12,3547250,Aaron Nesmith,G-F,12,IND,00,0,0,0,0,0,0,0,0,0,0.0,0,0,0.0,0,0,0.0,0,0,
22785279,20054964,2025-12-12,56677861,Ben Sheppard,G,12,IND,00,0,0,0,0,0,0,0,0,0,0.0,0,0,0.0,0,0,0.0,0,0,
22785280,20054964,2025-12-12,3547243,Obi Toppin,F,12,IND,00,0,0,0,0,0,0,0,0,0,0.0,0,0,0.0,0,0,0.0,0,0,
22785299,20054964,2025-12-12,38017686,Bennedict Mathurin,G-F,12,IND,30,7,5,2,0,1,1,3,2,8,0.25,1,4,0.25,2,2,1.0,1,4,-16.0
22785300,20054964,2025-12-12,416,Pascal Siakam,F,12,IND,34,20,5,2,1,0,1,3,8,18,0.444,1,3,0.333,3,4,0.75,1,4,-7.0
22785301,20054964,2025-12-12,17896103,Jay Huff,F-C,12,IND,28,13,4,2,0,3,0,4,4,12,0.333,4,11,0.364,1,1,1.0,0,4,-16.0
22785302,20054964,2025-12-12,17896117,Ethan Thompson,G,12,IND,33,12,2,3,0,0,0,6,4,10,0.4,2,7,0.286,2,3,0.667,1,1,-8.0
22785303,20054964,2025-12-12,38017507,Andrew Nembhard,G-F,12,IND,35,18,5,7,1,0,2,0,6,15,0.4,1,2,0.5,5,5,1.0,0,5,-25.0
22785304,20054964,2025-12-12,60,Tony Bradley,C,12,IND,9,2,2,1,1,0,0,1,1,2,0.5,0,0,,0,0,,1,1,1.0
22785305,20054964,2025-12-12,1028035897,Johnny Furphy,G,12,IND,2,0,1,0,0,0,0,0,0,2,0.0,0,1,0.0,0,0,,0,1,-2.0
22785306,20054964,2025-12-12,17896035,Isaiah Jackson,F,12,IND,12,7,9,1,0,0,1,3,3,8,0.375,0,0,,1,2,0.5,6,3,5.0
22785307,20054964,2025-12-12,44477085,Quenton Jackson,G,12,IND,00,0,0,0,0,0,0,0,0,0,0.0,0,0,0.0,0,0,0.0,0,0,
22785308,20054964,2025-12-12,1057389374,Kam Jones,G,12,IND,00,0,0,0,0,0,0,0,0,0,0.0,0,0,0.0,0,0,0.0,0,0,
22785309,20054964,2025-12-12,666754,Garrison Mathews,G,12,IND,23,8,4,2,0,0,0,4,2,6,0.333,2,6,0.333,2,2,1.0,1,3,13.0
22785310,20054964,2025-12-12,304,T.J. McConnell,G,12,IND,17,15,2,5,2,0,0,1,7,11,0.636,1,1,1.0,0,0,,1,1,9.0
22785311,20054964,2025-12-12,1057395638,Taelon Peter,G,12,IND,00,0,0,0,0,0,0,0,0,0,0.0,0,0,0.0,0,0,0.0,0,0,
22785312,20054964,2025-12-12,56677832,Jarace Walker,F,12,IND,18,3,7,1,1,0,2,2,1,4,0.25,1,3,0.333,0,0,,0,7,-4.0
22837457,20054970,2025-12-14,1028028244,Zaccharie Risacher,F,1,ATL,21,15,1,1,2,0,0,2,5,9,0.556,3,5,0.6,2,2,1.0,1,0,-5.0
22837458,20054970,2025-12-14,17896040,Jalen Johnson,F,1,ATL,35,12,10,12,1,1,2,3,5,17,0.294,0,1,0.0,2,2,1.0,4,6,4.0
22837459,20054970,2025-12-14,3547244,Onyeka Okongwu,F-C,1,ATL,36,20,15,4,1,2,4,4,6,17,0.353,5,9,0.556,3,4,0.75,3,12,10.0
22837460,20054970,2025-12-14,38017677,Dyson Daniels,G,1,ATL,39,27,10,4,1,2,3,2,13,19,0.684,1,2,0.5,0,2,0.0,5,5,5.0
22837461,20054970,2025-12-14,666400,Nickeil Alexander-Walker,G,1,ATL,34,12,7,6,1,0,2,3,3,18,0.167,2,5,0.4,4,4,1.0,2,5,9.0
22837462,20054970,2025-12-14,56677806,Mouhamed Gueye,F,1,ATL,11,1,1,0,1,1,2,1,0,1,0.0,0,1,0.0,1,2,0.5,0,1,-1.0
22837463,20054970,2025-12-14,254,Luke Kennard,G,1,ATL,21,5,4,2,0,0,0,1,1,2,0.5,1,2,0.5,2,2,1.0,1,3,-3.0
22837464,20054970,2025-12-14,4197387,Vit Krejci,G,1,ATL,26,19,4,1,1,0,1,4,6,9,0.667,4,6,0.667,3,3,1.0,0,4,10.0
22837465,20054970,2025-12-14,1057279093,Asa Newell,F,1,ATL,14,9,4,2,0,0,1,2,4,6,0.667,1,1,1.0,0,0,,2,2,-7.0
22837466,20054970,2025-12-14,378,Kristaps Porzingis,F-C,1,ATL,00,0,0,0,0,0,0,0,0,0,0.0,0,0,0.0,0,0,0.0,0,0,
22837467,20054970,2025-12-14,45088184,Keaton Wallace,G,1,ATL,3,0,1,1,0,0,1,1,0,1,0.0,0,1,0.0,0,0,,0,1,-7.0
22837468,20054970,2025-12-14,490,Trae Young,G,1,ATL,00,0,0,0,0,0,0,0,0,0,0.0,0,0,0.0,0,0,0.0,0,0,
22837470,20054970,2025-12-14,1028243921,N'Faly Dante,C,1,ATL,00,0,0,0,0,0,0,0,0,0,0.0,0,0,0.0,0,0,0.0,0,0,
22837471,20054970,2025-12-14,1028035632,Nikola Durisic,G,1,ATL,00,0,0,0,0,0,0,0,0,0,0.0,0,0,0.0,0,0,0.0,0,0,
22837472,20054970,2025-12-14,38017724,Caleb Houstan,G,1,ATL,00,0,0,0,0,0,0,0,0,0,0.0,0,0,0.0,0,0,0.0,0,0,
22837473,20054970,2025-12-14,1057847875,Eli John Ndiaye,F,1,ATL,00,0,0,0,0,0,0,0,0,0,0.0,0,0,0.0,0,0,0.0,0,0,
22837478,20054970,2025-12-14,56677795,Jacob Toppin,F,1,ATL,00,0,0,0,0,0,0,0,0,0,0.0,0,0,0.0,0,0,0.0,0,0,
23183709,18447191,2025-12-19,18,OG Anunoby,F,20,NYK,32,2,3,1,0,1,2,2,1,9,0.111,0,4,0.0,0,0,,2,1,-11.0
23183710,18447191,2025-12-19,202,Josh Hart,G,20,NYK,34,5,10,6,1,0,3,1,2,7,0.286,1,3,0.333,0,0,,2,8,-12.0
23183711,18447191,2025-12-19,447,Karl-Anthony Towns,C,20,NYK,35,22,11,1,0,0,3,4,7,15,0.467,1,5,0.2,7,9,0.778,3,8,-7.0
23183712,18447191,2025-12-19,61,Mikal Bridges,F,20,NYK,37,21,7,5,0,0,2,2,9,16,0.563,3,7,0.429,0,0,,3,4,-10.0
23183713,18447191,2025-12-19,73,Jalen Brunson,G,20,NYK,37,22,6,9,0,0,0,3,7,22,0.318,1,7,0.143,7,8,0.875,3,3,-11.0
23183714,18447191,2025-12-19,100,Jordan Clarkson,G,20,NYK,16,9,2,0,1,0,3,2,4,6,0.667,1,2,0.5,0,0,,2,0,0.0
23183715,18447191,2025-12-19,1057393207,Mohamed Diawara,F,20,NYK,3,0,0,0,0,0,0,0,0,1,0.0,0,1,0.0,0,0,,0,0,-5.0
23183716,18447191,2025-12-19,64268165,Tosan Evbuomwan,F,20,NYK,00,0,0,0,0,0,0,0,0,0,0.0,0,0,0.0,0,0,0.0,0,0,
23183717,18447191,2025-12-19,1028046422,Ariel Hukporti,C,20,NYK,00,0,0,0,0,0,0,0,0,0,0.0,0,0,0.0,0,0,0.0,0,0,
23183718,18447191,2025-12-19,64269023,Trey Jemison,C,20,NYK,00,0,0,0,0,0,0,0,0,0,0.0,0,0,0.0,0,0,0.0,0,0,
23183719,18447191,2025-12-19,1028036898,Tyler Kolek,G,20,NYK,15,2,2,2,0,0,4,5,1,3,0.333,0,2,0.0,0,0,,0,2,4.0
23183720,18447191,2025-12-19,399,Mitchell Robinson,C,20,NYK,26,21,16,1,1,2,1,2,7,8,0.875,0,0,,7,8,0.875,6,10,2.0
23183721,18447191,2025-12-19,488,Guerschon Yabusele,F,20,NYK,4,3,0,1,0,0,0,0,1,1,1.0,1,1,1.0,0,0,,0,0,5.0
23183722,18447191,2025-12-19,1028025498,Pacome Dadiet,F,20,NYK,00,0,0,0,0,0,0,0,0,0,0.0,0,0,0.0,0,0,0.0,0,0,
23183723,18447191,2025-12-19,17896033,Miles McBride,G,20,NYK,00,0,0,0,0,0,0,0,0,0,0.0,0,0,0.0,0,0,0.0,0,0,
23183724,18447191,2025-12-19,1028047255,Kevin McCullar Jr.,G,20,NYK,00,0,0,0,0,0,0,0,0,0,0.0,0,0,0.0,0,0,0.0,0,0,
23183725,18447191,2025-12-19,414,Landry Shamet,G,20,NYK,00,0,0,0,0,0,0,0,0,0,0.0,0,0,0.0,0,0,0.0,0,0,
24249051,18447196,2025-12-20,1057262088,Cooper Flagg,F,7,DAL,37,24,4,3,0,1,3,4,8,16,0.5,0,2,0.0,8,8,1.0,0,4,2.0
24249052,18447196,2025-12-20,666950,P.J. Washington,F,7,DAL,30,15,8,2,0,1,0,3,6,8,0.75,1,2,0.5,2,2,1.0,1,7,-13.0
24249053,18447196,2025-12-20,117,Anthony Davis,F-C,7,DAL,34,24,15,2,0,1,1,3,11,20,0.55,0,2,0.0,2,2,1.0,5,10,-2.0
24249054,18447196,2025-12-20,3547293,Naji Marshall,F,7,DAL,34,22,9,4,2,0,5,3,9,12,0.75,0,0,,4,4,1.0,2,7,16.0
24249055,18447196,2025-12-20,1057847894,Ryan Nembhard,G,7,DAL,26,7,0,5,1,0,1,2,3,7,0.429,1,2,0.5,0,0,,0,0,0.0
24249056,18447196,2025-12-20,38017697,Max Christie,G,7,DAL,14,0,0,1,0,0,0,2,0,2,0.0,0,2,0.0,0,0,,0,0,-12.0
24249057,18447196,2025-12-20,1057845382,Moussa Cisse,C,7,DAL,00,0,0,0,0,0,0,0,0,0,0.0,0,0,0.0,0,0,0.0,0,0,
24249058,18447196,2025-12-20,666577,Daniel Gafford,F,7,DAL,14,2,4,0,0,4,1,3,0,0,,0,0,,2,2,1.0,0,4,-5.0
24249059,18447196,2025-12-20,38017679,Jaden Hardy,G,7,DAL,00,0,0,0,0,0,0,0,0,0,0.0,0,0,0.0,0,0,0.0,0,0,
24249060,18447196,2025-12-20,666747,Caleb Martin,F,7,DAL,00,0,0,0,0,0,0,0,0,0,0.0,0,0,0.0,0,0,0.0,0,0,
24249061,18447196,2025-12-20,379,Dwight Powell,F-C,7,DAL,00,0,0,0,0,0,0,0,0,0,0.0,0,0,0.0,0,0,0.0,0,0,
24249062,18447196,2025-12-20,405,D'Angelo Russell,G,7,DAL,11,0,1,1,1,0,0,0,0,1,0.0,0,1,0.0,0,0,,0,1,6.0
24249063,18447196,2025-12-20,443,Klay Thompson,G,7,DAL,18,10,1,1,1,0,3,0,4,11,0.364,1,7,0.143,1,2,0.5,0,1,-20.0
24249064,18447196,2025-12-20,24489167,Brandon Williams,G,7,DAL,21,10,2,5,0,0,4,2,4,6,0.667,0,0,,2,2,1.0,0,2,-7.0
24249065,18447196,2025-12-20,151,Dante Exum,G,7,DAL,00,0,0,0,0,0,0,0,0,0,0.0,0,0,0.0,0,0,0.0,0,0,
24249066,18447196,2025-12-20,228,Kyrie Irving,G,7,DAL,00,0,0,0,0,0,0,0,0,0,0.0,0,0,0.0,0,0,0.0,0,0,
24249067,18447196,2025-12-20,1057847026,Miles Kelly,G,7,DAL,00,0,0,0,0,0,0,0,0,0,0.0,0,0,0.0,0,0,0.0,0,0,
24249068,18447196,2025-12-20,56677840,Dereck Lively II,C,7,DAL,00,0,0,0,0,0,0,0,0,0,0.0,0,0,0.0,0,0,0.0,0,0,
24891778,18447219,2025-12-23,375,Michael Porter Jr.,F,3,BKN,34,28,5,1,2,0,3,4,9,20,0.45,5,12,0.4166667,5,7,0.7142857,1,4,7.0
24891779,18447219,2025-12-23,56677843,Noah Clowney,F,3,BKN,28,13,1,1,2,1,2,5,4,12,0.3333333,2,8,0.25,3,4,0.75,0,1,10.0
24891780,18447219,2025-12-23,666508,Nicolas Claxton,F-C,3,BKN,27,16,10,2,1,0,1,2,6,7,0.8571429,0,0,0.0,4,6,0.6666667,3,7,-8.0
24891781,18447219,2025-12-23,666743,Terance Mann,G,3,BKN,30,4,5,4,0,1,2,3,1,6,0.167,0,3,0.0,2,2,1.0,2,3,9.0
24891782,18447219,2025-12-23,1057266813,Egor Demin,G,3,BKN,34,20,2,5,0,0,3,0,6,11,0.5454546,5,9,0.5555556,3,3,1.0,0,2,5.0
24891783,18447219,2025-12-23,38017722,Tyrese Martin,G,3,BKN,12,7,2,1,0,0,1,0,2,4,0.5,2,3,0.6666667,1,2,0.5,1,1,-2.0
24891784,18447219,2025-12-23,1057279760,Ben Saraf,G,3,BKN,00,0,0,0,0,0,0,0,0,0,0.0,0,0,0.0,0,0,0.0,0,0,0.0
24891785,18447219,2025-12-23,17896038,Day'Ron Sharpe,C,3,BKN,21,9,11,6,1,0,0,3,3,5,0.6,1,1,1.0,2,2,1.0,5,6,16.0
24891786,18447219,2025-12-23,1057275262,Nolan Traoré,G,3,BKN,14,5,1,2,0,0,3,2,2,3,0.6666667,0,1,0.0,1,1,1.0,0,1,3.0
24891787,18447219,2025-12-23,17896027,Ziaire Williams,G-F,3,BKN,18,9,0,0,1,0,1,2,1,5,0.2,1,5,0.2,6,6,1.0,0,0,-1.0
24891788,18447219,2025-12-23,56677722,Jalen Wilson,F,3,BKN,00,0,0,0,0,0,0,0,0,0,0.0,0,0,0.0,0,0,0.0,0,0,0.0
24891789,18447219,2025-12-23,1057280779,Danny Wolf,F-C,3,BKN,22,3,2,2,1,0,2,4,1,9,0.1111111,1,3,0.3333333,0,0,0.0,0,2,1.0
24891790,18447219,2025-12-23,1043947937,Tyson Etienne,G,3,BKN,00,0,0,0,0,0,0,0,0,0,0.0,0,0,0.0,0,0,0.0,0,0,0.0
24891791,18447219,2025-12-23,3092,Haywood Highsmith,,3,BKN,00,0,0,0,0,0,0,0,0,0,0.0,0,0,0.0,0,0,0.0,0,0,0.0
24891792,18447219,2025-12-23,38017663,E.J. Liddell,F,3,BKN,00,0,0,0,0,0,0,0,0,0,0.0,0,0,0.0,0,0,0.0,0,0,0.0
24891793,18447219,2025-12-23,1057279425,Drake Powell,F,3,BKN,00,0,0,0,0,0,0,0,0,0,0.0,0,0,0.0,0,0,0.0,0,0,0.0
24891794,18447219,2025-12-23,17896048,Cam Thomas,G,3,BKN,00,0,0,0,0,0,0,0,0,0,0.0,0,0,0.0,0,0,0.0,0,0,0.0
25680724,18447241,2025-12-26,3547247,Isaac Okoro,F-G,5,CHI,18,8,1,2,0,0,0,1,3,5,0.6,2,2,1.0,0,0,0.0,0,1,-14.0
25680725,18447241,2025-12-26,1028025177,Matas Buzelis,F,5,CHI,20,10,8,0,0,3,3,5,3,10,0.3,2,6,0.3333333,2,2,1.0,2,6,-6.0
25680726,18447241,2025-12-26,460,Nikola Vucevic,C,5,CHI,29,7,7,1,0,1,0,2,3,7,0.4285714,1,2,0.5,0,0,0.0,2,5,1.0
25680727,18447241,2025-12-26,666956,Coby White,G,5,CHI,29,13,7,6,0,0,1,1,4,12,0.3333333,1,6,0.1666667,4,4,1.0,0,7,-1.0
25680728,18447241,2025-12-26,17896065,Josh Giddey,G,5,CHI,33,12,6,11,1,0,5,1,3,12,0.25,1,6,0.1666667,5,6,0.8333333,1,5,6.0
25680729,18447241,2025-12-26,87,Jevon Carter,G,5,CHI,00,0,0,0,0,0,0,0,0,0,0.0,0,0,0.0,0,0,0.0,0,0,0.0
25680730,18447241,2025-12-26,102,Zach Collins,F-C,5,CHI,19,15,5,1,0,1,0,2,5,8,0.625,2,3,0.6666667,3,3,1.0,0,5,6.0
25680731,18447241,2025-12-26,17895983,Ayo Dosunmu,G,5,CHI,24,8,3,4,1,0,1,1,3,6,0.5,2,4,0.5,0,0,0.0,1,2,13.0
25680732,18447241,2025-12-26,221,Kevin Huerter,G,5,CHI,22,9,1,1,0,0,1,3,4,9,0.4444444,1,6,0.1666667,0,2,0.0,0,1,3.0
25680733,18447241,2025-12-26,3547274,Tre Jones,G,5,CHI,24,15,6,2,1,0,0,1,6,10,0.6,0,2,0.0,3,6,0.5,3,3,3.0
25680734,18447241,2025-12-26,56677857,Julian Phillips,F,5,CHI,00,0,0,0,0,0,0,0,0,0,0.0,0,0,0.0,0,0,0.0,0,0,0.0
25680735,18447241,2025-12-26,3547264,Jalen Smith,F-C,5,CHI,22,12,8,3,0,1,0,1,4,7,0.5714286,2,4,0.5,2,2,1.0,3,5,24.0
25680736,18447241,2025-12-26,38017719,Dalen Terry,F,5,CHI,00,0,0,0,0,0,0,0,0,0,0.0,0,0,0.0,0,0,0.0,0,0,0.0
25680737,18447241,2025-12-26,3547248,Patrick Williams,F,5,CHI,00,0,0,0,0,0,0,0,0,0,0.0,0,0,0.0,0,0,0.0,0,0,0.0
25680738,18447241,2025-12-26,1057272081,Noa Essengue,F,5,CHI,00,0,0,0,0,0,0,0,0,0,0.0,0,0,0.0,0,0,0.0,0,0,0.0
25680739,18447241,2025-12-26,1028254340,Trentyn Flowers,F,5,CHI,00,0,0,0,0,0,0,0,0,0,0.0,0,0,0.0,0,0,0.0,0,0,0.0
25680740,18447241,2025-12-26,1028245974,Emanuel Miller,F,5,CHI,00,0,0,0,0,0,0,0,0,0,0.0,0,0,0.0,0,0,0.0,0,0,0.0
25680741,18447241,2025-12-26,1057395493,Lachlan Olbrich,C,5,CHI,00,0,0,0,0,0,0,0,0,0,0.0,0,0,0.0,0,0,0.0,0,0,0.0
26012525,18447256,2025-12-28,38017703,Jalen Williams,G-F,21,OKC,32,14,4,6,2,0,2,2,4,10,0.4,0,1,0.0,6,7,0.857,1,3,21.0
26012526,18447256,2025-12-28,38017685,Chet Holmgren,C-F,21,OKC,29,29,9,1,0,4,6,4,12,17,0.7058824,2,4,0.5,3,4,0.75,3,6,22.0
26012527,18447256,2025-12-28,201,Isaiah Hartenstein,F-C,21,OKC,20,5,3,3,1,1,2,4,2,6,0.3333333,0,0,0.0,1,1,1.0,0,3,13.0
26012528,18447256,2025-12-28,666541,Luguentz Dort,G,21,OKC,23,3,1,0,0,1,2,2,1,2,0.5,1,2,0.5,0,0,0.0,0,1,7.0
26012529,18447256,2025-12-28,175,Shai Gilgeous-Alexander,G,21,OKC,29,27,2,5,2,0,1,0,10,13,0.7692308,0,2,0.0,7,9,0.7777778,0,2,19.0
26012530,18447256,2025-12-28,1028218679,Branden Carlson,C,21,OKC,05,4,2,0,1,0,0,1,2,3,0.6666667,0,0,0.0,0,0,0.0,1,1,0.0
26012531,18447256,2025-12-28,89,Alex Caruso,G,21,OKC,16,7,1,0,0,0,0,0,3,5,0.6,1,3,0.3333333,0,0,0.0,0,1,7.0
26012532,18447256,2025-12-28,3547272,Isaiah Joe,G,21,OKC,05,0,1,0,0,0,0,0,0,1,0.0,0,1,0.0,0,0,0.0,0,1,-8.0
26012533,18447256,2025-12-28,1028037477,Ajay Mitchell,G,21,OKC,20,13,1,3,2,0,0,4,5,9,0.5555556,2,4,0.5,1,2,0.5,0,1,16.0
26012534,18447256,2025-12-28,56677833,Cason Wallace,G,21,OKC,26,9,4,4,2,0,0,1,4,8,0.5,1,3,0.3333333,0,0,0.0,2,2,18.0
26012535,18447256,2025-12-28,17896078,Aaron Wiggins,G,21,OKC,23,15,3,3,1,0,0,0,6,8,0.75,2,4,0.5,1,2,0.5,0,3,8.0
26012536,18447256,2025-12-28,480,Kenrich Williams,G-F,21,OKC,07,3,4,2,0,0,0,0,1,3,0.3333333,1,2,0.5,0,0,0.0,2,2,2.0
26012537,18447256,2025-12-28,1057849685,Chris Youngblood,,21,OKC,05,0,0,0,0,0,0,0,0,2,0.0,0,2,0.0,0,0,0.0,0,0,0.0
26012538,18447256,2025-12-28,1057392335,Brooks Barnhizer,,21,OKC,00,0,0,0,0,0,0,0,0,0,0.0,0,0,0.0,0,0,0.0,0,0,0.0
26012539,18447256,2025-12-28,38017716,Ousmane Dieng,F,21,OKC,00,0,0,0,0,0,0,0,0,0,0.0,0,0,0.0,0,0,0.0,0,0,0.0
26012540,18447256,2025-12-28,1057274983,Thomas Sorber,C,21,OKC,00,0,0,0,0,0,0,0,0,0,0.0,0,0,0.0,0,0,0.0,0,0,0.0
26012541,18447256,2025-12-28,1028028932,Nikola Topic,G,21,OKC,00,0,0,0,0,0,0,0,0,0,0.0,0,0,0.0,0,0,0.0,0,0,0.0
26012542,18447256,2025-12-28,38017706,Jaylin Williams,F,21,OKC,00,0,0,0,0,0,0,0,0,0,0.0,0,0,0.0,0,0,0.0,0,0,0.0
26345647,18447272,2025-12-30,1028039105,Jaylen Wells,F,15,MEM,32,14,4,2,0,0,2,2,6,12,0.5,2,5,0.4,0,0,0.0,0,4,-3.0
26345648,18447272,2025-12-30,231,Jaren Jackson Jr.,F-C,15,MEM,37,15,12,3,0,3,2,3,4,12,0.3333333,2,5,0.4,5,6,0.8333333,0,12,9.0
26345649,18447272,2025-12-30,38017710,Christian Koloko,C,15,MEM,20,0,3,2,0,0,0,5,0,2,0.0,0,0,0.0,0,0,0.0,0,3,5.0
26345650,18447272,2025-12-30,1057266649,Cedric Coward,G,15,MEM,37,28,16,4,0,0,3,3,10,16,0.625,2,4,0.5,6,6,1.0,6,10,14.0
26345651,18447272,2025-12-30,666786,Ja Morant,G,15,MEM,34,40,2,3,2,0,4,0,16,22,0.7272727,0,2,0.0,8,10,0.8,0,2,11.0
26345652,18447272,2025-12-30,17896067,Santi Aldama,F,15,MEM,36,15,6,2,0,4,4,3,6,11,0.5454546,3,6,0.5,0,0,0.0,0,6,-10.0
26345653,18447272,2025-12-30,81,Kentavious Caldwell-Pope,G,15,MEM,00,0,0,0,0,0,0,0,0,0,0.0,0,0,0.0,0,0,0.0,0,0,0.0
26345654,18447272,2025-12-30,56677830,GG Jackson,F,15,MEM,23,6,1,2,0,2,1,0,2,4,0.5,0,2,0.0,2,2,1.0,1,0,-18.0
26345655,18447272,2025-12-30,19465326,Jock Landale,C,15,MEM,18,6,3,2,0,1,1,2,3,7,0.4285714,0,3,0.0,0,0,0.0,1,2,-11.0
26345656,18447272,2025-12-30,1057396260,Javon Small,G,15,MEM,09,5,3,3,0,0,1,0,2,3,0.6666667,1,1,1.0,0,0,0.0,1,2,2.0
26345657,18447272,2025-12-30,1028048549,Cam Spencer,G,15,MEM,19,7,1,5,0,0,2,0,2,3,0.6666667,1,1,1.0,2,2,1.0,0,1,-14.0
26345658,18447272,2025-12-30,38017731,Vince Williams Jr.,G,15,MEM,00,0,0,0,0,0,0,0,0,0,0.0,0,0,0.0,0,0,0.0,0,0,0.0
26345659,18447272,2025-12-30,666505,Brandon Clarke,F,15,MEM,00,0,0,0,0,0,0,0,0,0,0.0,0,0,0.0,0,0,0.0,0,0,0.0
26345660,18447272,2025-12-30,1028025754,Zach Edey,C,15,MEM,00,0,0,0,0,0,0,0,0,0,0.0,0,0,0.0,0,0,0.0,0,0,0.0
26345661,18447272,2025-12-30,666676,Ty Jerome,G,15,MEM,00,0,0,0,0,0,0,0,0,0,0.0,0,0,0.0,0,0,0.0,0,0,0.0
26345662,18447272,2025-12-30,666703,John Konchar,G-F,15,MEM,00,0,0,0,0,0,0,0,0,0,0.0,0,0,0.0,0,0,0.0,0,0,0.0
26345663,18447272,2025-12-30,1057394959,Jahmai Mashack,G,15,MEM,00,0,0,0,0,0,0,0,0,0,0.0,0,0,0.0,0,0,0.0,0,0,0.0
26345664,18447272,2025-12-30,38017656,Scotty Pippen Jr.,G,15,MEM,00,0,0,0,0,0,0,0,0,0,0.0,0,0,0.0,0,0,0.0,0,0,0.0
26345665,18447272,2025-12-30,56677859,Olivier-Maxence Prosper,F,15,MEM,00,0,0,0,0,0,0,0,0,0,0.0,0,0,0.0,0,0,0.0,0,0,0.0
26635378,18447287,2026-01-01,1057262088,Cooper Flagg,F,7,DAL,37,12,7,7,1,0,2,2,5,15,0.3333333,0,2,0.0,2,2,1.0,1,6,-1.0
26635379,18447287,2026-01-01,666950,P.J. Washington,F,7,DAL,34,11,5,1,2,1,0,1,3,6,0.5,1,4,0.25,4,5,0.8,0,5,-22.0
26635380,18447287,2026-01-01,117,Anthony Davis,F-C,7,DAL,37,13,8,2,1,0,3,3,6,13,0.4615385,0,1,0.0,1,2,0.5,3,5,-14.0
26635381,18447287,2026-01-01,38017697,Max Christie,G,7,DAL,29,18,1,2,0,0,2,2,7,13,0.5384616,2,7,0.2857143,2,2,1.0,0,1,-7.0
26635382,18447287,2026-01-01,1057847894,Ryan Nembhard,G,7,DAL,22,9,2,3,0,0,2,1,4,7,0.5714286,1,2,0.5,0,0,0.0,0,2,-5.0
26635383,18447287,2026-01-01,666577,Daniel Gafford,F,7,DAL,11,8,5,0,2,0,0,2,3,5,0.6,0,0,0.0,2,2,1.0,1,4,-1.0
26635384,18447287,2026-01-01,38017679,Jaden Hardy,G,7,DAL,07,5,1,1,0,0,2,0,1,4,0.25,1,4,0.25,2,2,1.0,0,1,6.0
26635385,18447287,2026-01-01,3547293,Naji Marshall,F,7,DAL,22,9,1,1,0,0,0,0,4,7,0.5714286,0,0,0.0,1,1,1.0,0,1,2.0
26635386,18447287,2026-01-01,666747,Caleb Martin,F,7,DAL,04,0,0,0,0,0,0,1,0,0,0.0,0,0,0.0,0,0,0.0,0,0,-11.0
26635387,18447287,2026-01-01,379,Dwight Powell,F-C,7,DAL,00,0,0,0,0,0,0,0,0,0,0.0,0,0,0.0,0,0,0.0,0,0,0.0
26635388,18447287,2026-01-01,443,Klay Thompson,G,7,DAL,13,9,2,1,1,0,0,0,4,9,0.4444444,1,5,0.2,0,0,0.0,1,1,-12.0
26635389,18447287,2026-01-01,24489167,Brandon Williams,G,7,DAL,24,14,7,5,1,0,2,0,5,15,0.3333333,0,3,0.0,4,4,1.0,1,6,-10.0
26635390,18447287,2026-01-01,1057845382,Moussa Cisse,C,7,DAL,00,0,0,0,0,0,0,0,0,0,0.0,0,0,0.0,0,0,0.0,0,0,0.0
26635391,18447287,2026-01-01,151,Dante Exum,G,7,DAL,00,0,0,0,0,0,0,0,0,0,0.0,0,0,0.0,0,0,0.0,0,0,0.0
26635392,18447287,2026-01-01,228,Kyrie Irving,G,7,DAL,00,0,0,0,0,0,0,0,0,0,0.0,0,0,0.0,0,0,0.0,0,0,0.0
26635393,18447287,2026-01-01,1057847026,Miles Kelly,G,7,DAL,00,0,0,0,0,0,0,0,0,0,0.0,0,0,0.0,0,0,0.0,0,0,0.0
26635394,18447287,2026-01-01,56677840,Dereck Lively II,C,7,DAL,00,0,0,0,0,0,0,0,0,0,0.0,0,0,0.0,0,0,0.0,0,0,0.0
26635395,18447287,2026-01-01,405,D'Angelo Russell,G,7,DAL,00,0,0,0,0,0,0,0,0,0,0.0,0,0,0.0,0,0,0.0,0,0,0.0
26913179,18447301,2026-01-03,18,OG Anunoby,F,20,NYK,37,19,6,6,1,1,4,3,6,11,0.5454546,3,5,0.6,4,4,1.0,4,2,-8.0
26913180,18447301,2026-01-03,447,Karl-Anthony Towns,C,20,NYK,34,23,14,2,2,0,2,2,6,16,0.375,0,5,0.0,11,12,0.9166667,4,10,-8.0
26913181,18447301,2026-01-03,399,Mitchell Robinson,C,20,NYK,19,2,5,2,2,0,1,5,1,2,0.5,0,0,0.0,0,1,0.0,3,2,-11.0
26913182,18447301,2026-01-03,61,Mikal Bridges,F,20,NYK,37,12,5,6,2,1,1,1,5,14,0.3571429,2,8,0.25,0,0,0.0,2,3,-11.0
26913183,18447301,2026-01-03,73,Jalen Brunson,G,20,NYK,35,31,4,4,0,0,4,1,10,21,0.4761905,2,4,0.5,9,12,0.75,0,4,-11.0
26913184,18447301,2026-01-03,100,Jordan Clarkson,G,20,NYK,19,3,1,0,0,0,1,0,1,4,0.25,1,3,0.3333333,0,0,0.0,0,1,0.0
26913185,18447301,2026-01-03,1028025498,Pacome Dadiet,F,20,NYK,00,0,0,0,0,0,0,0,0,0,0.0,0,0,0.0,0,0,0.0,0,0,0.0
26913186,18447301,2026-01-03,1057393207,Mohamed Diawara,F,20,NYK,02,0,0,0,0,0,0,0,0,0,0.0,0,0,0.0,0,0,0.0,0,0,-2.0
26913187,18447301,2026-01-03,1028046422,Ariel Hukporti,C,20,NYK,04,0,0,0,0,0,0,0,0,0,0.0,0,0,0.0,0,0,0.0,0,0,-1.0
26913188,18447301,2026-01-03,1028036898,Tyler Kolek,G,20,NYK,13,6,2,1,0,0,0,1,2,7,0.2857143,2,5,0.4,0,0,0.0,0,2,2.0
26913189,18447301,2026-01-03,17896033,Miles McBride,G,20,NYK,31,20,5,2,2,0,2,4,6,9,0.6666667,5,7,0.7142857,3,3,1.0,0,5,5.0
26913190,18447301,2026-01-03,1028047255,Kevin McCullar Jr.,G,20,NYK,05,3,1,0,0,0,1,0,1,3,0.3333333,1,2,0.5,0,0,0.0,1,0,-8.0
26913191,18447301,2026-01-03,488,Guerschon Yabusele,F,20,NYK,04,0,1,0,0,0,0,1,0,2,0.0,0,1,0.0,0,0,0.0,0,1,-2.0
26913192,18447301,2026-01-03,64268165,Tosan Evbuomwan,F,20,NYK,00,0,0,0,0,0,0,0,0,0,0.0,0,0,0.0,0,0,0.0,0,0,0.0
26913193,18447301,2026-01-03,202,Josh Hart,G,20,NYK,00,0,0,0,0,0,0,0,0,0,0.0,0,0,0.0,0,0,0.0,0,0,0.0
26913194,18447301,2026-01-03,64269023,Trey Jemison,C,20,NYK,00,0,0,0,0,0,0,0,0,0,0.0,0,0,0.0,0,0,0.0,0,0,0.0
26913195,18447301,2026-01-03,414,Landry Shamet,G,20,NYK,00,0,0,0,0,0,0,0,0,0,0.0,0,0,0.0,0,0,0.0,0,0,0.0
27242127,18447321,2026-01-05,1028255289,Spencer Jones,F,8,DEN,44,10,3,2,2,1,1,5,4,6,0.6666667,1,3,0.3333333,1,2,0.5,1,2,8.0
27242128,18447321,2026-01-05,38017721,Peyton Watson,G,8,DEN,44,24,7,4,1,2,6,0,7,13,0.5384616,2,3,0.6666667,8,10,0.8,0,7,2.0
27242129,18447321,2026-01-05,1028026514,DaRon Holmes II,F,8,DEN,21,2,1,4,0,0,2,1,1,4,0.25,0,3,0.0,0,0,0.0,0,1,3.0
27242130,18447321,2026-01-05,56677582,Jalen Pickett,G,8,DEN,42,29,5,7,0,0,4,3,11,20,0.55,7,11,0.6363636,0,0,0.0,1,4,6.0
27242131,18447321,2026-01-05,69,Bruce Brown,G,8,DEN,39,19,6,2,1,0,0,2,7,13,0.5384616,2,4,0.5,3,4,0.75,2,4,-8.0
27242132,18447321,2026-01-05,38017709,Christian Braun,G,8,DEN,00,0,0,0,0,0,0,0,0,0,0.0,0,0,0.0,0,0,0.0,0,0,0.0
27242133,18447321,2026-01-05,177,Aaron Gordon,F,8,DEN,00,0,0,0,0,0,0,0,0,0,0.0,0,0,0.0,0,0,0.0,0,0,0.0
27242134,18447321,2026-01-05,1057846921,Curtis Jones,G,8,DEN,09,0,1,0,0,0,0,1,0,2,0.0,0,2,0.0,0,0,0.0,0,1,-1.0
27242135,18447321,2026-01-05,3547268,Zeke Nnaji,F-C,8,DEN,32,21,8,1,2,2,2,2,7,11,0.6363636,4,5,0.8,3,4,0.75,2,6,-2.0
27242136,18447321,2026-01-05,56677776,Julian Strawther,G,8,DEN,15,6,4,5,0,0,1,2,2,5,0.4,0,2,0.0,2,4,0.5,1,3,-5.0
27242137,18447321,2026-01-05,56677871,Hunter Tyson,F,8,DEN,19,14,3,1,0,1,1,2,4,7,0.5714286,2,4,0.5,4,4,1.0,0,3,2.0
27242138,18447321,2026-01-05,1057844839,Tamar Bates,G,8,DEN,00,0,0,0,0,0,0,0,0,0,0.0,0,0,0.0,0,0,0.0,0,0,0.0
27242139,18447321,2026-01-05,191,Tim Hardaway Jr.,G,8,DEN,00,0,0,0,0,0,0,0,0,0,0.0,0,0,0.0,0,0,0.0,0,0,0.0
27242140,18447321,2026-01-05,666679,Cameron Johnson,F,8,DEN,00,0,0,0,0,0,0,0,0,0,0.0,0,0,0.0,0,0,0.0,0,0,0.0
27242141,18447321,2026-01-05,246,Nikola Jokic,C,8,DEN,00,0,0,0,0,0,0,0,0,0,0.0,0,0,0.0,0,0,0.0,0,0,0.0
27242142,18447321,2026-01-05,335,Jamal Murray,G,8,DEN,00,0,0,0,0,0,0,0,0,0,0.0,0,0,0.0,0,0,0.0,0,0,0.0
27242143,18447321,2026-01-05,455,Jonas Valanciunas,C,8,DEN,00,0,0,0,0,0,0,0,0,0,0.0,0,0,0.0,0,0,0.0,0,0,0.0
27473228,18447332,2026-01-07,56677844,Bilal Coulibaly,G,30,WAS,28,18,1,2,0,0,1,5,7,14,0.5,2,5,0.4,2,2,1.0,0,1,-22.0
27473229,18447332,2026-01-07,17896039,Justin Champagnie,F,30,WAS,25,6,5,2,1,1,2,3,3,7,0.4285714,0,2,0.0,0,0,0.0,2,3,-25.0
27473230,18447332,2026-01-07,1028028405,Alexandre Sarr,C,30,WAS,27,15,7,3,2,1,4,2,6,8,0.75,1,1,1.0,2,2,1.0,2,5,-24.0
27473231,18447332,2026-01-07,1057262985,Tre Johnson,G,30,WAS,28,20,5,3,1,0,3,2,8,13,0.6153846,2,6,0.3333333,2,2,1.0,1,4,-9.0
27473232,18447332,2026-01-07,1028025235,Carlton Carrington,G,30,WAS,40,18,3,7,0,0,6,5,5,11,0.4545455,5,10,0.5,3,3,1.0,0,3,-28.0
27473233,18447332,2026-01-07,24,Marvin Bagley III,F,30,WAS,16,9,9,1,0,1,1,0,4,10,0.4,1,2,0.5,0,0,0.0,5,4,6.0
27473234,18447332,2026-01-07,38017692,Malaki Branham,F,30,WAS,31,8,4,8,3,1,2,2,3,10,0.3,0,2,0.0,2,2,1.0,1,3,-9.0
27473235,18447332,2026-01-07,3547302,Anthony Gill,F,30,WAS,20,8,4,0,0,1,1,1,3,4,0.75,2,3,0.6666667,0,0,0.0,0,4,1.0
27473236,18447332,2026-01-07,1028026717,AJ Johnson,G,30,WAS,20,6,4,2,0,0,1,0,3,9,0.3333333,0,2,0.0,0,0,0.0,0,4,8.0
27473237,18447332,2026-01-07,17896045,Corey Kispert,F,30,WAS,00,0,0,0,0,0,0,0,0,0,0.0,0,0,0.0,0,0,0.0,0,0,0.0
27473238,18447332,2026-01-07,315,Khris Middleton,F,30,WAS,00,0,0,0,0,0,0,0,0,0,0.0,0,0,0.0,0,0,0.0,0,0,0.0
27473239,18447332,2026-01-07,1016384149,Tristan Vukcevic,F,30,WAS,05,2,0,1,0,1,1,0,1,1,1.0,0,0,0.0,0,0,0.0,0,0,-3.0
27473240,18447332,2026-01-07,17896029,Sharife Cooper,G,30,WAS,00,0,0,0,0,0,0,0,0,0,0.0,0,0,0.0,0,0,0.0,0,0,0.0
27473241,18447332,2026-01-07,1028026060,KyShawn George,F,30,WAS,00,0,0,0,0,0,0,0,0,0,0.0,0,0,0.0,0,0,0.0,0,0,0.0
27473242,18447332,2026-01-07,303,CJ McCollum,G,30,WAS,00,0,0,0,0,0,0,0,0,0,0.0,0,0,0.0,0,0,0.0,0,0,0.0
27473243,18447332,2026-01-07,1057279594,Will Riley,F,30,WAS,00,0,0,0,0,0,0,0,0,0,0.0,0,0,0.0,0,0,0.0,0,0,0.0
27473244,18447332,2026-01-07,1057391756,Jamir Watkins,F,30,WAS,00,0,0,0,0,0,0,0,0,0,0.0,0,0,0.0,0,0,0.0,0,0,0.0
27473245,18447332,2026-01-07,56677831,Cam Whitmore,F,30,WAS,00,0,0,0,0,0,0,0,0,0,0.0,0,0,0.0,0,0,0.0,0,0,0.0
27740789,18447347,2026-01-09,1057385481,Noah Penda,G-F,22,ORL,30,5,7,1,1,2,2,3,2,5,0.4,0,2,0.0,1,1,1.0,3,4,-9.0
27740790,18447347,2026-01-09,38017683,Paolo Banchero,F,22,ORL,37,14,11,7,0,1,4,1,6,18,0.3333333,0,3,0.0,2,2,1.0,1,10,-7.0
27740791,18447347,2026-01-09,85,Wendell Carter Jr.,F,22,ORL,29,13,8,2,0,3,4,5,6,13,0.4615385,1,6,0.1666667,0,0,0.0,1,7,3.0
27740792,18447347,2026-01-09,3547287,Desmond Bane,G,22,ORL,38,23,5,5,0,0,2,3,9,19,0.4736842,0,3,0.0,5,5,1.0,3,2,-9.0
27740793,18447347,2026-01-09,56677827,Anthony Black,G,22,ORL,37,21,3,4,0,0,4,1,7,12,0.5833333,3,7,0.4285714,4,4,1.0,0,3,-6.0
27740794,18447347,2026-01-09,666442,Goga Bitadze,C,22,ORL,12,2,3,0,1,2,0,2,1,3,0.3333333,0,1,0.0,0,0,0.0,2,1,-13.0
27740795,18447347,2026-01-09,38017734,Jamal Cain,F,22,ORL,05,0,1,1,0,0,1,0,0,2,0.0,0,2,0.0,0,0,0.0,1,0,-2.0
27740796,18447347,2026-01-09,1028025497,Tristan Da Silva,F,22,ORL,00,0,0,0,0,0,0,0,0,0,0.0,0,0,0.0,0,0,0.0,0,0,0.0
27740797,18447347,2026-01-09,56677839,Jett Howard,G,22,ORL,09,0,0,0,0,0,1,1,0,6,0.0,0,3,0.0,0,0,0.0,0,0,-3.0
27740798,18447347,2026-01-09,229,Jonathan Isaac,F,22,ORL,07,4,1,1,0,1,0,1,1,1,1.0,0,0,0.0,2,2,1.0,0,1,-2.0
27740799,18447347,2026-01-09,249,Tyus Jones,G,22,ORL,17,0,0,0,3,0,0,1,0,3,0.0,0,2,0.0,0,0,0.0,0,0,2.0
27740800,18447347,2026-01-09,39398582,Orlando Robinson,C,22,ORL,00,0,0,0,0,0,0,0,0,0,0.0,0,0,0.0,0,0,0.0,0,0,0.0
27740801,18447347,2026-01-09,56677738,Colin Castleton,C,22,ORL,00,0,0,0,0,0,0,0,0,0,0.0,0,0,0.0,0,0,0.0,0,0,0.0
27740802,18447347,2026-01-09,1057279571,Jase Richardson,G,22,ORL,19,9,3,0,0,1,0,0,4,6,0.6666667,0,0,0.0,1,4,0.25,0,3,-14.0
27740803,18447347,2026-01-09,17896073,Jalen Suggs,G,22,ORL,00,0,0,0,0,0,0,0,0,0,0.0,0,0,0.0,0,0,0.0,0,0,0.0
27740804,18447347,2026-01-09,17896026,Franz Wagner,F,22,ORL,00,0,0,0,0,0,0,0,0,0,0.0,0,0,0.0,0,0,0.0,0,0,0.0
27740805,18447347,2026-01-09,462,Moritz Wagner,C,22,ORL,00,0,0,0,0,0,0,0,0,0,0.0,0,0,0.0,0,0,0.0,0,0,0.0
28077504,18447364,2026-01-11,1028029111,Ja'Kobe Walter,G,28,TOR,05,2,0,1,0,0,0,1,1,3,0.3333333,0,2,0.0,0,0,0.0,0,0,3.0
28077505,18447364,2026-01-11,17896055,Scottie Barnes,G-F,28,TOR,43,31,7,8,0,0,4,3,10,19,0.526,1,4,0.25,10,12,0.833,3,4,15.0
28077506,18447364,2026-01-11,1057268940,Collin Murray-Boyles,F,28,TOR,42,17,15,3,3,3,2,3,7,12,0.5833333,0,0,0.0,3,3,1.0,7,8,5.0
28077507,18447364,2026-01-11,3547269,Immanuel Quickley,G,28,TOR,40,20,5,7,4,0,2,1,6,22,0.2727273,2,8,0.25,6,9,0.6666667,1,4,13.0
28077508,18447364,2026-01-11,1028038426,Jamal Shead,G,28,TOR,37,22,1,6,0,0,1,2,7,15,0.467,2,7,0.286,6,8,0.75,1,0,-13.0
28077509,18447364,2026-01-11,38017620,Ochai Agbaji,G,28,TOR,14,6,6,1,0,1,1,2,3,4,0.75,0,1,0.0,0,0,0.0,1,5,-2.0
28077510,18447364,2026-01-11,1028243201,Jamison Battle,F,28,TOR,15,5,2,0,0,0,1,3,2,6,0.3333333,0,2,0.0,1,3,0.3333333,1,1,9.0
28077511,18447364,2026-01-11,56677828,Gradey Dick,G,28,TOR,11,2,1,0,0,0,1,4,1,4,0.25,0,1,0.0,0,0,0.0,0,1,-4.0
28077512,18447364,2026-01-11,17554004,AJ Lawson,G,28,TOR,10,2,2,0,2,0,1,2,1,4,0.25,0,2,0.0,0,0,0.0,1,1,4.0
28077513,18447364,2026-01-11,17896059,Sandro Mamukelashvili,F,28,TOR,18,0,1,2,1,0,1,3,0,3,0.0,0,2,0.0,0,0,0.0,0,1,-17.0
28077514,18447364,2026-01-11,1057389862,Alijah Martin,G,28,TOR,30,9,8,1,4,2,1,4,3,11,0.2727273,0,3,0.0,3,4,0.75,3,5,-8.0
28077515,18447364,2026-01-11,1028037494,Jonathan Mogbo,F,28,TOR,00,0,0,0,0,0,0,0,0,0,0.0,0,0,0.0,0,0,0.0,0,0,0.0
28077516,18447364,2026-01-11,436,Garrett Temple,G-F,28,TOR,00,0,0,0,0,0,0,0,0,0,0.0,0,0,0.0,0,0,0.0,0,0,0.0
28077517,18447364,2026-01-11,666423,RJ Barrett,F-G,28,TOR,00,0,0,0,0,0,0,0,0,0,0.0,0,0,0.0,0,0,0.0,0,0,0.0
28077518,18447364,2026-01-11,1057846535,Chucky Hepburn,G,28,TOR,00,0,0,0,0,0,0,0,0,0,0.0,0,0,0.0,0,0,0.0,0,0,0.0
28077519,18447364,2026-01-11,227,Brandon Ingram,F,28,TOR,00,0,0,0,0,0,0,0,0,0,0.0,0,0,0.0,0,0,0.0,0,0,0.0
28077520,18447364,2026-01-11,373,Jakob Poeltl,C,28,TOR,00,0,0,0,0,0,0,0,0,0,0.0,0,0,0.0,0,0,0.0,0,0,0.0
28237758,18447374,2026-01-12,227,Brandon Ingram,F,28,TOR,34,17,10,7,0,0,3,3,5,15,0.3333333,0,2,0.0,7,7,1.0,5,5,-7.0
28237759,18447374,2026-01-12,17896055,Scottie Barnes,G-F,28,TOR,35,15,4,3,2,1,2,3,5,16,0.3125,0,3,0.0,5,5,1.0,0,4,-13.0
28237760,18447374,2026-01-12,1057268940,Collin Murray-Boyles,F,28,TOR,32,12,7,6,2,0,1,3,6,9,0.6666667,0,0,0.0,0,0,0.0,4,3,-3.0
28237761,18447374,2026-01-12,3547269,Immanuel Quickley,G,28,TOR,32,18,6,0,1,0,1,1,8,18,0.4444444,2,10,0.2,0,0,0.0,2,4,-13.0
28237762,18447374,2026-01-12,1028038426,Jamal Shead,G,28,TOR,30,3,1,6,2,0,1,2,1,5,0.2,0,4,0.0,1,1,1.0,0,1,-5.0
28237763,18447374,2026-01-12,38017620,Ochai Agbaji,G,28,TOR,02,0,1,0,0,0,0,0,0,1,0.0,0,1,0.0,0,0,0.0,0,1,4.0
28237764,18447374,2026-01-12,1028243201,Jamison Battle,F,28,TOR,08,3,2,0,0,0,1,0,1,2,0.5,1,2,0.5,0,0,0.0,0,2,-10.0
28237765,18447374,2026-01-12,56677828,Gradey Dick,G,28,TOR,12,4,1,2,0,0,0,2,1,6,0.1666667,0,5,0.0,2,2,1.0,1,0,-10.0
28237766,18447374,2026-01-12,17554004,AJ Lawson,G,28,TOR,17,14,1,1,0,0,0,2,5,9,0.5555556,3,6,0.5,1,1,1.0,0,1,1.0
28237767,18447374,2026-01-12,17896059,Sandro Mamukelashvili,F,28,TOR,21,8,2,2,0,1,0,2,3,7,0.4285714,0,2,0.0,2,5,0.4,1,1,-9.0
28237768,18447374,2026-01-12,1057389862,Alijah Martin,G,28,TOR,13,6,2,2,0,0,0,1,1,3,0.3333333,0,2,0.0,4,4,1.0,2,0,-8.0
28237769,18447374,2026-01-12,1028037494,Jonathan Mogbo,F,28,TOR,02,2,1,0,0,0,0,0,1,1,1.0,0,0,0.0,0,0,0.0,0,1,4.0
28237770,18447374,2026-01-12,436,Garrett Temple,G-F,28,TOR,02,0,0,0,0,0,0,0,0,0,0.0,0,0,0.0,0,0,0.0,0,0,4.0
28237771,18447374,2026-01-12,666423,RJ Barrett,F-G,28,TOR,00,0,0,0,0,0,0,0,0,0,0.0,0,0,0.0,0,0,0.0,0,0,0.0
28237772,18447374,2026-01-12,1057846535,Chucky Hepburn,G,28,TOR,00,0,0,0,0,0,0,0,0,0,0.0,0,0,0.0,0,0,0.0,0,0,0.0
28237773,18447374,2026-01-12,373,Jakob Poeltl,C,28,TOR,00,0,0,0,0,0,0,0,0,0,0.0,0,0,0.0,0,0,0.0,0,0,0.0
28237774,18447374,2026-01-12,1028029111,Ja'Kobe Walter,G,28,TOR,00,0,0,0,0,0,0,0,0,0,0.0,0,0,0.0,0,0,0.0,0,0,0.0
28478732,18447386,2026-01-14,1028028993,Jaylon Tyson,G-F,6,CLE,25,12,5,3,1,0,2,1,4,9,0.4444444,3,4,0.75,1,2,0.5,3,2,10.0
28478733,18447386,2026-01-14,17896076,Evan Mobley,F-C,6,CLE,33,17,13,6,1,4,2,5,7,10,0.7,1,1,1.0,2,4,0.5,2,11,27.0
28478734,18447386,2026-01-14,9,Jarrett Allen,C,6,CLE,26,10,5,2,0,0,2,3,5,6,0.8333333,0,0,0.0,0,1,0.0,2,3,16.0
28478735,18447386,2026-01-14,322,Donovan Mitchell,G,6,CLE,33,35,7,9,1,0,1,1,11,22,0.5,5,12,0.4166667,8,8,1.0,1,6,29.0
28478736,18447386,2026-01-14,666581,Darius Garland,G,6,CLE,23,20,3,7,1,0,4,2,8,13,0.6153846,3,7,0.4285714,1,2,0.5,1,2,10.0
28478737,18447386,2026-01-14,27,Lonzo Ball,G,6,CLE,14,9,4,4,0,0,1,0,3,6,0.5,3,6,0.5,0,0,0.0,0,4,5.0
28478738,18447386,2026-01-14,74,Thomas Bryant,C,6,CLE,05,4,1,0,0,1,0,2,2,3,0.6666667,0,1,0.0,0,0,0.0,0,1,-2.0
28478739,18447386,2026-01-14,666656,De'Andre Hunter,F,6,CLE,22,17,4,4,0,0,1,1,7,13,0.5384616,3,7,0.4285714,0,0,0.0,1,3,15.0
28478740,18447386,2026-01-14,3547299,Sam Merrill,G,6,CLE,10,3,3,0,0,0,0,1,1,5,0.2,1,3,0.3333333,0,0,0.0,0,3,5.0
28478741,18447386,2026-01-14,340,Larry Nance Jr.,F,6,CLE,05,3,1,0,0,0,0,0,1,2,0.5,1,2,0.5,0,0,0.0,0,1,-2.0
28478742,18447386,2026-01-14,56677872,Craig Porter,G,6,CLE,18,1,3,3,1,0,1,0,0,3,0.0,0,1,0.0,1,1,1.0,1,2,16.0
28478743,18447386,2026-01-14,1057395754,Tyrese Proctor,G,6,CLE,05,2,1,0,0,0,1,0,1,2,0.5,0,1,0.0,0,0,0.0,0,1,-2.0
28478744,18447386,2026-01-14,1042560902,Nae'Qwan Tomlin,F,6,CLE,21,0,2,3,1,1,0,3,0,1,0.0,0,1,0.0,0,0,0.0,1,1,3.0
28478745,18447386,2026-01-14,56677854,Chris Livingston,F,6,CLE,00,0,0,0,0,0,0,0,0,0,0.0,0,0,0.0,0,0,0.0,0,0,0.0
28478746,18447386,2026-01-14,666908,Max Strus,G,6,CLE,00,0,0,0,0,0,0,0,0,0,0.0,0,0,0.0,0,0,0.0,0,0,0.0
28478747,18447386,2026-01-14,1028267470,Luke Travers,F,6,CLE,00,0,0,0,0,0,0,0,0,0,0.0,0,0,0.0,0,0,0.0,0,0,0.0
28478748,18447386,2026-01-14,666940,Dean Wade,F,6,CLE,00,0,0,0,0,0,0,0,0,0,0.0,0,0,0.0,0,0,0.0,0,0,0.0
28790863,18447403,2026-01-16,1028028993,Jaylon Tyson,G-F,6,CLE,38,39,5,4,0,0,4,1,13,17,0.7647059,7,9,0.7777778,6,6,1.0,1,4,4.0
28790864,18447403,2026-01-16,17896076,Evan Mobley,F-C,6,CLE,36,15,5,4,1,4,4,1,6,11,0.545,1,4,0.25,2,4,0.5,3,2,-12.0
28790865,18447403,2026-01-16,9,Jarrett Allen,C,6,CLE,33,10,7,1,1,0,2,4,4,6,0.6666667,0,0,0.0,2,2,1.0,2,5,5.0
28790866,18447403,2026-01-16,322,Donovan Mitchell,G,6,CLE,39,13,9,12,1,0,6,1,4,13,0.3076923,4,7,0.5714286,1,2,0.5,1,8,-2.0
28790867,18447403,2026-01-16,56677872,Craig Porter,G,6,CLE,22,2,3,11,0,0,1,0,1,5,0.2,0,0,0.0,0,2,0.0,2,1,12.0
28790868,18447403,2026-01-16,27,Lonzo Ball,G,6,CLE,12,0,3,1,1,0,0,0,0,3,0.0,0,2,0.0,0,0,0.0,0,3,-1.0
28790869,18447403,2026-01-16,74,Thomas Bryant,C,6,CLE,00,0,0,0,0,0,0,0,0,0,0.0,0,0,0.0,0,0,0.0,0,0,0.0
28790870,18447403,2026-01-16,666656,De'Andre Hunter,F,6,CLE,31,16,3,4,1,1,1,3,7,13,0.5384616,2,5,0.4,0,0,0.0,0,3,12.0
28790871,18447403,2026-01-16,340,Larry Nance Jr.,F,6,CLE,00,0,0,0,0,0,0,0,0,0,0.0,0,0,0.0,0,0,0.0,0,0,0.0
28790872,18447403,2026-01-16,1057395754,Tyrese Proctor,G,6,CLE,11,13,2,1,2,0,0,1,5,8,0.625,3,5,0.6,0,0,0.0,0,2,-1.0
28790873,18447403,2026-01-16,1042560902,Nae'Qwan Tomlin,F,6,CLE,18,9,5,0,0,0,0,4,4,9,0.444,0,2,0.0,1,1,1.0,1,4,-7.0
28790874,18447403,2026-01-16,666581,Darius Garland,G,6,CLE,00,0,0,0,0,0,0,0,0,0,0.0,0,0,0.0,0,0,0.0,0,0,0.0
28790875,18447403,2026-01-16,56677854,Chris Livingston,F,6,CLE,00,0,0,0,0,0,0,0,0,0,0.0,0,0,0.0,0,0,0.0,0,0,0.0
28790876,18447403,2026-01-16,3547299,Sam Merrill,G,6,CLE,00,0,0,0,0,0,0,0,0,0,0.0,0,0,0.0,0,0,0.0,0,0,0.0
28790877,18447403,2026-01-16,666908,Max Strus,G,6,CLE,00,0,0,0,0,0,0,0,0,0,0.0,0,0,0.0,0,0,0.0,0,0,0.0
28790878,18447403,2026-01-16,1028267470,Luke Travers,F,6,CLE,00,0,0,0,0,0,0,0,0,0,0.0,0,0,0.0,0,0,0.0,0,0,0.0
28790879,18447403,2026-01-16,666940,Dean Wade,F,6,CLE,00,0,0,0,0,0,0,0,0,0,0.0,0,0,0.0,0,0,0.0,0,0,0.0
29292582,18447427,2026-01-19,1028035897,Johnny Furphy,G,12,IND,14,3,3,1,0,0,1,1,1,1,1.0,1,1,1.0,0,0,0.0,1,2,-5.0
29292583,18447427,2026-01-19,416,Pascal Siakam,F,12,IND,35,24,6,7,0,0,4,3,9,21,0.4285714,4,8,0.5,2,4,0.5,1,5,-9.0
29292584,18447427,2026-01-19,17896103,Jay Huff,F-C,12,IND,23,10,6,1,0,3,2,3,4,7,0.5714286,2,4,0.5,0,0,0.0,1,5,-11.0
29292585,18447427,2026-01-19,3547250,Aaron Nesmith,G-F,12,IND,32,7,11,1,1,2,6,4,1,9,0.1111111,0,6,0.0,5,5,1.0,3,8,-10.0
29292586,18447427,2026-01-19,38017507,Andrew Nembhard,G-F,12,IND,36,25,2,5,1,0,5,1,9,15,0.6,3,7,0.4285714,4,5,0.8,1,1,-10.0
29292587,18447427,2026-01-19,60,Tony Bradley,C,12,IND,18,8,7,0,0,0,1,2,4,5,0.8,0,0,0.0,0,0,0.0,1,6,5.0
29292588,18447427,2026-01-19,17896035,Isaiah Jackson,F,12,IND,07,0,1,0,0,0,0,0,0,1,0.0,0,0,0.0,0,0,0.0,0,1,-3.0
29292589,18447427,2026-01-19,44477085,Quenton Jackson,G,12,IND,25,6,4,3,0,1,0,2,2,8,0.25,2,4,0.5,0,0,0.0,4,0,1.0
29292590,18447427,2026-01-19,304,T.J. McConnell,G,12,IND,14,10,0,3,1,1,2,2,5,8,0.625,0,0,0.0,0,0,0.0,0,0,-1.0
29292591,18447427,2026-01-19,19465584,Micah Potter,F,12,IND,01,0,0,0,0,0,0,0,0,0,0.0,0,0,0.0,0,0,0.0,0,0,2.0
29292592,18447427,2026-01-19,56677861,Ben Sheppard,G,12,IND,13,3,1,1,1,0,0,3,1,3,0.3333333,1,3,0.3333333,0,0,0.0,0,1,-1.0
29292593,18447427,2026-01-19,56677832,Jarace Walker,F,12,IND,22,8,5,2,0,2,1,1,4,6,0.6666667,0,1,0.0,0,0,0.0,0,5,-3.0
29292594,18447427,2026-01-19,3547245,Tyrese Haliburton,G,12,IND,00,0,0,0,0,0,0,0,0,0,0.0,0,0,0.0,0,0,0.0,0,0,0.0
29292595,18447427,2026-01-19,1057389374,Kam Jones,G,12,IND,00,0,0,0,0,0,0,0,0,0,0.0,0,0,0.0,0,0,0.0,0,0,0.0
29292596,18447427,2026-01-19,38017686,Bennedict Mathurin,G-F,12,IND,00,0,0,0,0,0,0,0,0,0,0.0,0,0,0.0,0,0,0.0,0,0,0.0
29292597,18447427,2026-01-19,1057395638,Taelon Peter,G,12,IND,00,0,0,0,0,0,0,0,0,0,0.0,0,0,0.0,0,0,0.0,0,0,0.0
29292598,18447427,2026-01-19,17896117,Ethan Thompson,G,12,IND,00,0,0,0,0,0,0,0,0,0,0.0,0,0,0.0,0,0,0.0,0,0,0.0
29292599,18447427,2026-01-19,3547243,Obi Toppin,F,12,IND,00,0,0,0,0,0,0,0,0,0,0.0,0,0,0.0,0,0,0.0,0,0,0.0
29376537,18447431,2026-01-20,66,Dillon Brooks,G-F,24,PHX,30,6,5,1,1,1,2,1,2,13,0.154,0,3,0.0,2,2,1.0,0,5,-7.0
29376538,18447431,2026-01-20,351,Royce O'Neale,F,24,PHX,24,9,3,2,0,0,1,1,3,7,0.4285714,3,7,0.4285714,0,0,0.0,0,3,-5.0
29376539,18447431,2026-01-20,38017698,Mark Williams,C,24,PHX,18,4,9,0,0,0,5,3,2,3,0.6666667,0,0,0.0,0,0,0.0,6,3,-3.0
29376540,18447431,2026-01-20,57,Devin Booker,G,24,PHX,34,27,3,4,1,0,6,4,9,23,0.3913043,2,5,0.4,7,7,1.0,2,1,-10.0
29376541,18447431,2026-01-20,38017727,Collin Gillespie,G,24,PHX,28,12,4,4,0,0,2,3,3,6,0.5,3,6,0.5,3,3,1.0,0,4,7.0
29376542,18447431,2026-01-20,8,Grayson Allen,G,24,PHX,29,16,5,6,1,0,0,1,5,11,0.4545455,4,9,0.4444444,2,2,1.0,2,3,11.0
29376543,18447431,2026-01-20,1028025723,Ryan Dunn,F,24,PHX,08,2,1,0,0,0,0,3,1,2,0.5,0,1,0.0,0,0,0.0,1,0,8.0
29376544,18447431,2026-01-20,1057383369,Rasheer Fleming,F,24,PHX,00,0,0,0,0,0,0,0,0,0,0.0,0,0,0.0,0,0,0.0,0,0,0.0
29376545,18447431,2026-01-20,18678058,Jordan Goodwin,,24,PHX,20,16,5,2,2,0,0,1,6,9,0.667,2,4,0.5,2,2,1.0,2,3,9.0
29376546,18447431,2026-01-20,17895966,Jalen Green,G,24,PHX,20,12,2,3,0,0,2,1,4,11,0.3636364,2,4,0.5,2,2,1.0,0,2,10.0
29376547,18447431,2026-01-20,2221,Nigel Hayes,,24,PHX,00,0,0,0,0,0,0,0,0,0,0.0,0,0,0.0,0,0,0.0,0,0,0.0
29376548,18447431,2026-01-20,1028036515,Oso Ighodaro,F,24,PHX,29,12,5,3,0,1,4,3,5,7,0.7142857,0,0,0.0,2,2,1.0,2,3,10.0
29376549,18447431,2026-01-20,1057268513,Khaman Maluach,C,24,PHX,00,0,0,0,0,0,0,0,0,0,0.0,0,0,0.0,0,0,0.0,0,0,0.0
29376550,18447431,2026-01-20,3547282,Nick Richards,C,24,PHX,00,0,0,0,0,0,0,0,0,0,0.0,0,0,0.0,0,0,0.0,0,0,0.0
29376551,18447431,2026-01-20,44477062,Jamaree Bouyea,G,24,PHX,00,0,0,0,0,0,0,0,0,0,0.0,0,0,0.0,0,0,0.0,0,0,0.0
29376552,18447431,2026-01-20,1057387526,Koby Brea,G,24,PHX,00,0,0,0,0,0,0,0,0,0,0.0,0,0,0.0,0,0,0.0,0,0,0.0
29376553,18447431,2026-01-20,17896071,Isaiah Livers,F,24,PHX,00,0,0,0,0,0,0,0,0,0,0.0,0,0,0.0,0,0,0.0,0,0,0.0
29647705,18447446,2026-01-22,140,Kevin Durant,F,11,HOU,44,36,7,3,0,1,8,2,13,21,0.6190476,5,8,0.625,5,6,0.8333333,0,7,-15.0
29647706,18447446,2026-01-22,38017684,Jabari Smith Jr.,F,11,HOU,38,13,4,5,1,0,1,2,5,15,0.3333333,1,10,0.1,2,2,1.0,1,3,-13.0
29647707,18447446,2026-01-22,17896062,Alperen Sengun,F-C,11,HOU,38,13,8,7,3,2,2,2,5,14,0.357,1,2,0.5,2,7,0.286,3,5,-18.0
29647708,18447446,2026-01-22,356,Josh Okogie,G,11,HOU,22,8,2,2,1,1,1,2,3,4,0.75,2,2,1.0,0,0,0.0,1,1,6.0
29647709,18447446,2026-01-22,56677825,Amen Thompson,G-F,11,HOU,42,17,6,9,3,0,1,4,7,11,0.6363636,0,0,0.0,3,5,0.6,4,2,3.0
29647710,18447446,2026-01-22,83,Clint Capela,C,11,HOU,15,2,7,0,0,1,0,0,1,4,0.25,0,0,0.0,0,2,0.0,2,5,12.0
29647711,18447446,2026-01-22,1028203948,Isaiah Crawford,F,11,HOU,00,0,0,0,0,0,0,0,0,0,0.0,0,0,0.0,0,0,0.0,0,0,0.0
29647712,18447446,2026-01-22,38017707,JD Davison,G,11,HOU,00,0,0,0,0,0,0,0,0,0,0.0,0,0,0.0,0,0,0.0,0,0,0.0
29647713,18447446,2026-01-22,38017695,Tari Eason,F,11,HOU,28,13,9,2,4,0,1,2,5,12,0.4166667,3,7,0.4285714,0,1,0.0,3,6,-18.0
29647714,18447446,2026-01-22,158,Dorian Finney-Smith,F,11,HOU,15,6,2,1,0,0,0,2,2,4,0.5,2,4,0.5,0,0,0.0,0,2,7.0
29647715,18447446,2026-01-22,188,Jeff Green,F,11,HOU,00,0,0,0,0,0,0,0,0,0,0.0,0,0,0.0,0,0,0.0,0,0,0.0
29647716,18447446,2026-01-22,1028028519,Reed Sheppard,G,11,HOU,23,14,1,4,2,0,2,2,5,14,0.3571429,4,7,0.5714286,0,1,0.0,1,0,6.0
29647717,18447446,2026-01-22,3547301,Jae'Sean Tate,F,11,HOU,00,0,0,0,0,0,0,0,0,0,0.0,0,0,0.0,0,0,0.0,0,0,0.0
29647718,18447446,2026-01-22,3,Steven Adams,C,11,HOU,00,0,0,0,0,0,0,0,0,0,0.0,0,0,0.0,0,0,0.0,0,0,0.0
29647719,18447446,2026-01-22,213,Aaron Holiday,G,11,HOU,00,0,0,0,0,0,0,0,0,0,0.0,0,0,0.0,0,0,0.0,0,0,0.0
29647720,18447446,2026-01-22,1028047609,Tristen Newton,G,11,HOU,00,0,0,0,0,0,0,0,0,0,0.0,0,0,0.0,0,0,0.0,0,0,0.0
29647721,18447446,2026-01-22,458,Fred VanVleet,G,11,HOU,00,0,0,0,0,0,0,0,0,0,0.0,0,0,0.0,0,0,0.0,0,0,0.0
29983983,18447461,2026-01-24,202,Josh Hart,G,20,NYK,37,10,13,7,0,1,1,3,4,9,0.4444444,1,3,0.3333333,1,5,0.2,5,8,5.0
29983984,18447461,2026-01-24,18,OG Anunoby,F,20,NYK,36,23,7,4,2,0,2,0,10,15,0.6666667,2,3,0.6666667,1,2,0.5,3,4,-8.0
29983985,18447461,2026-01-24,447,Karl-Anthony Towns,C,20,NYK,16,10,6,1,0,1,2,6,2,4,0.5,1,2,0.5,5,7,0.7142857,0,6,-6.0
29983986,18447461,2026-01-24,61,Mikal Bridges,F,20,NYK,29,9,3,4,0,0,2,1,3,16,0.1875,1,9,0.1111111,2,2,1.0,1,2,4.0
29983987,18447461,2026-01-24,73,Jalen Brunson,G,20,NYK,38,31,5,6,0,0,2,3,11,24,0.4583333,6,12,0.5,3,5,0.6,1,4,7.0
29983988,18447461,2026-01-24,100,Jordan Clarkson,G,20,NYK,00,0,0,0,0,0,0,0,0,0,0.0,0,0,0.0,0,0,0.0,0,0,0.0
29983989,18447461,2026-01-24,1057393207,Mohamed Diawara,F,20,NYK,00,0,0,0,0,0,0,0,0,0,0.0,0,0,0.0,0,0,0.0,0,0,0.0
29983990,18447461,2026-01-24,1028046422,Ariel Hukporti,C,20,NYK,04,2,3,0,0,1,0,1,1,1,1.0,0,0,0.0,0,0,0.0,1,2,-3.0
29983991,18447461,2026-01-24,1028036898,Tyler Kolek,G,20,NYK,00,0,0,0,0,0,0,0,0,0,0.0,0,0,0.0,0,0,0.0,0,0,0.0
29983992,18447461,2026-01-24,17896033,Miles McBride,G,20,NYK,26,9,1,2,2,0,0,3,3,11,0.2727273,1,8,0.125,2,4,0.5,0,1,-1.0
29983993,18447461,2026-01-24,399,Mitchell Robinson,C,20,NYK,27,6,10,0,2,2,0,4,3,4,0.75,0,0,0.0,0,0,0.0,6,4,14.0
29983994,18447461,2026-01-24,414,Landry Shamet,G,20,NYK,24,12,4,2,0,0,1,1,4,9,0.4444444,3,7,0.4285714,1,2,0.5,1,3,3.0
29983995,18447461,2026-01-24,488,Guerschon Yabusele,F,20,NYK,03,0,1,1,0,0,0,0,0,0,0.0,0,0,0.0,0,0,0.0,1,0,0.0
29983996,18447461,2026-01-24,1028025498,Pacome Dadiet,F,20,NYK,00,0,0,0,0,0,0,0,0,0,0.0,0,0,0.0,0,0,0.0,0,0,0.0
29983997,18447461,2026-01-24,64269023,Trey Jemison,C,20,NYK,00,0,0,0,0,0,0,0,0,0,0.0,0,0,0.0,0,0,0.0,0,0,0.0
29983998,18447461,2026-01-24,1028026812,Dillon Jones,F,20,NYK,00,0,0,0,0,0,0,0,0,0,0.0,0,0,0.0,0,0,0.0,0,0,0.0
29983999,18447461,2026-01-24,1028047255,Kevin McCullar Jr.,G,20,NYK,00,0,0,0,0,0,0,0,0,0,0.0,0,0,0.0,0,0,0.0,0,0,0.0
30216156,18447475,2026-01-26,1057263194,Kon Knueppel,G-F,4,CHA,20,12,8,6,2,0,4,2,5,9,0.5555556,2,5,0.4,0,0,0.0,2,6,28.0
30216157,18447475,2026-01-26,62,Miles Bridges,F,4,CHA,19,10,3,3,0,1,0,4,4,7,0.5714286,1,3,0.3333333,1,1,1.0,1,2,22.0
30216158,18447475,2026-01-26,38017725,Moussa Diabate,F,4,CHA,20,12,5,0,0,0,1,1,6,7,0.8571429,0,0,0.0,0,1,0.0,2,3,32.0
30216159,18447475,2026-01-26,56677823,Brandon Miller,F,4,CHA,27,30,8,2,2,0,1,1,9,11,0.818,6,8,0.75,6,6,1.0,0,8,40.0
30216160,18447475,2026-01-26,3547239,LaMelo Ball,G,4,CHA,21,11,2,8,1,0,4,1,4,12,0.3333333,2,6,0.3333333,1,1,1.0,2,0,36.0
30216161,18447475,2026-01-26,105,Pat Connaughton,G,4,CHA,08,0,2,1,0,0,0,0,0,0,0.0,0,0,0.0,0,0,0.0,1,1,-6.0
30216162,18447475,2026-01-26,3547258,Josh Green,G,4,CHA,21,12,2,4,1,0,2,1,3,6,0.5,1,3,0.3333333,5,5,1.0,2,0,21.0
30216163,18447475,2026-01-26,1057384156,Sion James,G,4,CHA,19,0,1,1,0,0,1,1,0,2,0.0,0,2,0.0,0,0,0.0,0,1,0.0
30216164,18447475,2026-01-26,1057384362,Ryan Kalkbrenner,C,4,CHA,26,13,9,3,1,3,3,3,6,8,0.75,0,0,,1,4,0.25,3,6,4.0
30216165,18447475,2026-01-26,17896036,Tre Mann,G,4,CHA,12,4,0,3,0,0,2,1,1,2,0.5,1,2,0.5,1,2,0.5,0,0,-13.0
30216166,18447475,2026-01-26,1028028379,Tidjane Salaun,F,4,CHA,12,7,6,0,0,0,1,1,3,5,0.6,1,2,0.5,0,0,0.0,0,6,-13.0
30216167,18447475,2026-01-26,413,Collin Sexton,G,4,CHA,18,10,2,3,1,0,3,4,3,7,0.429,1,5,0.2,3,4,0.75,0,2,6.0
30216168,18447475,2026-01-26,666965,Grant Williams,F,4,CHA,17,9,5,0,0,0,1,2,3,7,0.4285714,2,5,0.4,1,3,0.3333333,1,4,28.0
30216169,18447475,2026-01-26,1028244692,PJ Hall,C,4,CHA,00,0,0,0,0,0,0,0,0,0,0.0,0,0,0.0,0,0,0.0,0,0,0.0
30216170,18447475,2026-01-26,1057278805,Liam McNeeley,F,4,CHA,00,0,0,0,0,0,0,0,0,0,0.0,0,0,0.0,0,0,0.0,0,0,0.0
30216171,18447475,2026-01-26,371,Mason Plumlee,F-C,4,CHA,00,0,0,0,0,0,0,0,0,0,0.0,0,0,0.0,0,0,0.0,0,0,0.0
30216172,18447475,2026-01-26,1028038100,Antonio Reeves,G,4,CHA,00,0,0,0,0,0,0,0,0,0,0.0,0,0,0.0,0,0,0.0,0,0,0.0
30216173,18447475,2026-01-26,1028038474,K.J. Simpson,G,4,CHA,00,0,0,0,0,0,0,0,0,0,0.0,0,0,0.0,0,0,0.0,0,0,0.0
30349872,18447484,2026-01-27,265,Kyle Kuzma,F,17,MIL,32,17,8,8,2,0,2,1,6,12,0.5,2,4,0.5,3,4,0.75,0,8,-5.0
30349873,18447484,2026-01-27,377,Bobby Portis,F,17,MIL,36,17,12,8,1,0,2,2,8,16,0.5,0,3,0.0,1,3,0.3333333,4,8,-4.0
30349874,18447484,2026-01-27,452,Myles Turner,C-F,17,MIL,36,31,4,3,1,2,2,3,10,16,0.625,4,8,0.5,7,8,0.875,1,3,-6.0
30349875,18447484,2026-01-27,38017733,A.J. Green,G,17,MIL,29,8,2,3,0,0,0,0,3,6,0.5,2,4,0.5,0,0,0.0,0,2,-1.0
30349876,18447484,2026-01-27,38017712,Ryan Rollins,G,17,MIL,39,24,8,4,0,2,0,0,9,17,0.5294118,2,4,0.5,4,5,0.8,3,5,-4.0
30349877,18447484,2026-01-27,2148,Thanasis Antetokounmpo,,17,MIL,02,0,1,0,0,0,0,0,0,0,0.0,0,0,0.0,0,0,0.0,0,1,-3.0
30349878,18447484,2026-01-27,3547251,Cole Anthony,G,17,MIL,14,10,1,1,0,0,2,2,3,8,0.375,1,2,0.5,3,4,0.75,0,1,-17.0
30349879,18447484,2026-01-27,666511,Amir Coffey,G,17,MIL,02,0,0,0,0,0,0,0,0,0,0.0,0,0,0.0,0,0,0.0,0,0,-3.0
30349880,18447484,2026-01-27,196,Gary Harris,G,17,MIL,14,0,1,2,0,0,1,0,0,0,0.0,0,0,0.0,0,0,0.0,0,1,-9.0
30349881,18447484,2026-01-27,56677852,Andre Jackson Jr.,G,17,MIL,02,0,0,0,0,0,0,0,0,0,0.0,0,0,0.0,0,0,0.0,0,0,-3.0
30349882,18447484,2026-01-27,64270026,Pete Nance,F,17,MIL,02,2,0,0,0,0,0,0,1,2,0.5,0,0,0.0,0,0,0.0,0,0,-3.0
30349883,18447484,2026-01-27,17896063,Jericho Sims,F,17,MIL,11,0,1,0,0,0,2,2,0,0,0.0,0,0,0.0,0,0,0.0,0,1,-11.0
30349884,18447484,2026-01-27,3089,Gary Trent Jr.,,17,MIL,21,13,0,0,0,0,0,2,4,9,0.4444444,4,9,0.4444444,1,3,0.3333333,0,0,-16.0
30349885,18447484,2026-01-27,1060010671,Alex Antetokounmpo,F,17,MIL,00,0,0,0,0,0,0,0,0,0,0.0,0,0,0.0,0,0,0.0,0,0,0.0
30349886,18447484,2026-01-27,15,Giannis Antetokounmpo,F,17,MIL,00,0,0,0,0,0,0,0,0,0,0.0,0,0,0.0,0,0,0.0,0,0,0.0
30349887,18447484,2026-01-27,666849,Kevin Porter Jr.,G,17,MIL,00,0,0,0,0,0,0,0,0,0,0.0,0,0,0.0,0,0,0.0,0,0,0.0
30349888,18447484,2026-01-27,383,Taurean Prince,F,17,MIL,00,0,0,0,0,0,0,0,0,0,0.0,0,0,0.0,0,0,0.0,0,0,0.0
30642867,18447498,2026-01-29,3547249,Precious Achiuwa,F,26,SAC,34,8,13,3,1,1,2,3,4,7,0.5714286,0,2,0.0,0,0,0.0,4,9,-1.0
30642868,18447498,2026-01-29,1057276634,Nique Clifford,G,26,SAC,27,2,6,2,0,1,2,1,1,7,0.1428571,0,1,0.0,0,0,0.0,2,4,2.0
30642869,18447498,2026-01-29,406,Domantas Sabonis,F,26,SAC,28,14,7,3,0,0,3,4,6,10,0.6,0,1,0.0,2,4,0.5,4,3,-5.0
30642870,18447498,2026-01-29,125,DeMar DeRozan,G,26,SAC,38,25,4,8,0,0,1,2,9,15,0.6,1,1,1.0,6,8,0.75,0,4,2.0
30642871,18447498,2026-01-29,409,Dennis Schroder,G,26,SAC,31,27,4,2,1,0,2,2,9,16,0.5625,5,9,0.5555556,4,4,1.0,1,3,-12.0
30642872,18447498,2026-01-29,1057845274,Dylan Cardwell,C,26,SAC,14,0,4,0,0,1,2,5,0,0,0.0,0,0,0.0,0,0,0.0,1,3,-7.0
30642873,18447498,2026-01-29,1028025242,Devin Carter,G,26,SAC,00,0,0,0,0,0,0,0,0,0,0.0,0,0,0.0,0,0,0.0,0,0,0.0
30642874,18447498,2026-01-29,38017714,Keon Ellis,G,26,SAC,20,10,0,0,1,1,0,1,4,7,0.5714286,2,5,0.4,0,0,0.0,0,0,10.0
30642875,18447498,2026-01-29,147,Drew Eubanks,F,26,SAC,00,0,0,0,0,0,0,0,0,0,0.0,0,0,0.0,0,0,0.0,0,0,0.0
30642876,18447498,2026-01-29,268,Zach LaVine,G,26,SAC,29,17,1,3,2,0,3,3,5,16,0.3125,2,6,0.3333333,5,5,1.0,0,1,-3.0
30642877,18447498,2026-01-29,305,Doug McDermott,F,26,SAC,00,0,0,0,0,0,0,0,0,0,0.0,0,0,0.0,0,0,0.0,0,0,0.0
30642878,18447498,2026-01-29,1057390745,Maxime Raynaud,C,26,SAC,19,8,7,0,1,0,1,5,3,4,0.75,0,1,0.0,2,2,1.0,3,4,4.0
30642879,18447498,2026-01-29,407,Dario Saric,F,26,SAC,00,0,0,0,0,0,0,0,0,0,0.0,0,0,0.0,0,0,0.0,0,0,0.0
30642880,18447498,2026-01-29,324,Malik Monk,G,26,SAC,00,0,0,0,0,0,0,0,0,0,0.0,0,0,0.0,0,0,0.0,0,0,0.0
30642881,18447498,2026-01-29,38017688,Keegan Murray,F,26,SAC,00,0,0,0,0,0,0,0,0,0,0.0,0,0,0.0,0,0,0.0,0,0,0.0
30642882,18447498,2026-01-29,1028246478,Daeqwon Plowden,G-F,26,SAC,00,0,0,0,0,0,0,0,0,0,0.0,0,0,0.0,0,0,0.0,0,0,0.0
30642883,18447498,2026-01-29,1028242168,Isaiah Stevens,G,26,SAC,00,0,0,0,0,0,0,0,0,0,0.0,0,0,0.0,0,0,0.0,0,0,0.0
30642884,18447498,2026-01-29,472,Russell Westbrook,G,26,SAC,00,0,0,0,0,0,0,0,0,0,0.0,0,0,0.0,0,0,0.0,0,0,0.0
31002174,18447517,2026-01-31,3547256,Saddiq Bey,F,19,NOP,32,34,6,3,0,0,1,1,12,19,0.6315789,4,7,0.5714286,6,6,1.0,1,5,-8.0
31002175,18447517,2026-01-31,666969,Zion Williamson,F,19,NOP,30,11,5,2,0,2,2,1,2,6,0.3333333,0,0,0.0,7,9,0.7777778,2,3,-17.0
31002176,18447517,2026-01-31,1057274415,Derik Queen,C,19,NOP,19,9,6,2,0,1,3,3,3,8,0.375,1,1,1.0,2,2,1.0,2,4,-10.0
31002177,18447517,2026-01-31,18677986,Trey Murphy III,F,19,NOP,38,19,9,2,0,1,0,2,8,21,0.3809524,3,11,0.2727273,0,0,0.0,2,7,-7.0
31002178,18447517,2026-01-31,17896024,Herbert Jones,F,19,NOP,31,5,1,5,0,0,1,1,2,5,0.4,1,3,0.3333333,0,0,0.0,0,1,-13.0
31002179,18447517,2026-01-31,17896097,Jose Alvarado,G,19,NOP,17,10,2,3,1,0,0,2,3,8,0.375,3,8,0.375,1,1,1.0,0,2,-10.0
31002180,18447517,2026-01-31,1057267077,Jeremiah Fears,G,19,NOP,21,12,4,1,2,1,0,2,4,12,0.3333333,2,4,0.5,2,2,1.0,0,4,7.0
31002181,18447517,2026-01-31,56677837,Jordan Hawkins,G,19,NOP,00,0,0,0,0,0,0,0,0,0,0.0,0,0,0.0,0,0,0.0,0,0,0.0
31002182,18447517,2026-01-31,250,DeAndre Jordan,C,19,NOP,00,0,0,0,0,0,0,0,0,0,0.0,0,0,0.0,0,0,0.0,0,0,0.0
31002183,18447517,2026-01-31,282,Kevon Looney,F,19,NOP,00,0,0,0,0,0,0,0,0,0,0.0,0,0,0.0,0,0,0.0,0,0,0.0
31002184,18447517,2026-01-31,1028245777,Karlo Matkovic,F-C,19,NOP,15,2,5,1,2,2,2,1,1,1,1.0,0,0,0.0,0,0,0.0,1,4,8.0
31002185,18447517,2026-01-31,1028027567,Yves Missi,C,19,NOP,28,7,8,3,0,4,0,2,3,8,0.375,0,0,0.0,1,2,0.5,3,5,4.0
31002186,18447517,2026-01-31,1057390538,Micah Peavy,G-F,19,NOP,09,5,0,1,0,0,1,1,2,4,0.5,1,2,0.5,0,0,0.0,0,0,-4.0
31002187,18447517,2026-01-31,666848,Jordan Poole,G,19,NOP,00,0,0,0,0,0,0,0,0,0,0.0,0,0,0.0,0,0,0.0,0,0,0.0
31002188,18447517,2026-01-31,1028203085,Trey Alexander,G,19,NOP,00,0,0,0,0,0,0,0,0,0,0.0,0,0,0.0,0,0,0.0,0,0,0.0
31002189,18447517,2026-01-31,1057845705,Hunter Dickinson,C,19,NOP,00,0,0,0,0,0,0,0,0,0,0.0,0,0,0.0,0,0,0.0,0,0,0.0
31002190,18447517,2026-01-31,38017708,Bryce McGowens,G,19,NOP,00,0,0,0,0,0,0,0,0,0,0.0,0,0,0.0,0,0,0.0,0,0,0.0
31002191,18447517,2026-01-31,334,Dejounte Murray,G,19,NOP,00,0,0,0,0,0,0,0,0,0,0.0,0,0,0.0,0,0,0.0,0,0,0.0
