prop_id,game_id,player_id,vendor,prop_type,line_value,market_type,over_odds,under_odds,milestone_odds,updated_at
128983818,18447109,1057262088,rebet,points,31.5,over_under,-111.0,-125.0,,2025-11-30T04:56:45.675Z
129722584,18447109,1057262088,draftkings,rebounds,8.5,over_under,850.0,-1750.0,,2025-11-30T05:37:09.118Z
175262596,18447122,4,rebet,points,23.5,over_under,-133.0,-105.0,,2025-12-02T02:00:46.126Z
175262597,18447122,101,rebet,points,9.5,over_under,-143.0,-105.0,,2025-12-02T02:00:46.126Z
175262598,18447122,17553994,rebet,points,12.5,over_under,-125.0,-111.0,,2025-12-02T02:00:46.126Z
175262599,18447122,666633,rebet,points,17.5,over_under,-118.0,-125.0,,2025-12-02T02:00:46.126Z
175262600,18447122,56677785,rebet,points,8.5,over_under,-125.0,-118.0,,2025-12-02T02:00:46.126Z
175262601,18447122,1028029127,rebet,points,4.5,over_under,-125.0,-111.0,,2025-12-02T02:00:46.126Z
175262602,18447122,475,rebet,points,19.5,over_under,-118.0,-125.0,,2025-12-02T02:00:46.126Z
175262603,18447122,192,rebet,points,21.5,over_under,-111.0,-125.0,,2025-12-02T02:00:46.126Z
175262604,18447122,274,rebet,points,20.5,over_under,-111.0,-133.0,,2025-12-02T02:00:46.126Z
175262605,18447122,380,rebet,points,20.5,over_under,-133.0,-111.0,,2025-12-02T02:00:46.126Z
175262606,18447122,493,rebet,points,17.5,over_under,-154.0,105.0,,2025-12-02T02:00:46.126Z
175262607,18447122,139,rebet,points,13.5,over_under,-133.0,-105.0,,2025-12-02T02:00:46.126Z
175262608,18447122,4,rebet,assists,3.5,over_under,140.0,-213.0,,2025-12-02T02:00:46.126Z
175262609,18447122,19465585,rebet,assists,2.5,over_under,170.0,-250.0,,2025-12-02T02:00:46.126Z
175262610,18447122,17553994,rebet,assists,8.5,over_under,-192.0,130.0,,2025-12-02T02:00:46.126Z
175262611,18447122,666633,rebet,assists,1.5,over_under,-167.0,115.0,,2025-12-02T02:00:46.126Z
175262612,18447122,56677785,rebet,assists,3.5,over_under,-133.0,-111.0,,2025-12-02T02:00:46.126Z
175262613,18447122,475,rebet,assists,3.5,over_under,165.0,-250.0,,2025-12-02T02:00:46.126Z
175262614,18447122,192,rebet,assists,6.5,over_under,-105.0,-133.0,,2025-12-02T02:00:46.126Z
175262615,18447122,274,rebet,assists,2.5,over_under,170.0,-250.0,,2025-12-02T02:00:46.126Z
175262616,18447122,493,rebet,assists,2.5,over_under,150.0,-222.0,,2025-12-02T02:00:46.126Z
175262617,18447122,139,rebet,assists,1.5,over_under,145.0,-213.0,,2025-12-02T02:00:46.126Z
175262618,18447122,4,rebet,rebounds,12.5,over_under,-111.0,-125.0,,2025-12-02T02:00:46.126Z
175262619,18447122,101,rebet,rebounds,6.5,over_under,-175.0,120.0,,2025-12-02T02:00:46.126Z
175262620,18447122,17553994,rebet,rebounds,3.5,over_under,175.0,-270.0,,2025-12-02T02:00:46.126Z
175262621,18447122,666633,rebet,rebounds,3.5,over_under,-125.0,-111.0,,2025-12-02T02:00:46.126Z
175262622,18447122,56677785,rebet,rebounds,3.5,over_under,-143.0,100.0,,2025-12-02T02:00:46.126Z
175262623,18447122,1028029127,rebet,rebounds,7.5,over_under,-167.0,115.0,,2025-12-02T02:00:46.126Z
175262624,18447122,475,rebet,rebounds,7.5,over_under,-133.0,-105.0,,2025-12-02T02:00:46.126Z
175262625,18447122,192,rebet,rebounds,3.5,over_under,-154.0,110.0,,2025-12-02T02:00:46.126Z
175262626,18447122,274,rebet,rebounds,4.5,over_under,-154.0,110.0,,2025-12-02T02:00:46.126Z
175262627,18447122,380,rebet,rebounds,2.5,over_under,160.0,-238.0,,2025-12-02T02:00:46.126Z
175262628,18447122,493,rebet,rebounds,12.5,over_under,115.0,-167.0,,2025-12-02T02:00:46.126Z
175262629,18447122,139,rebet,rebounds,3.5,over_under,150.0,-222.0,,2025-12-02T02:00:46.126Z
175262630,18447122,666633,rebet,threes,2.5,over_under,-250.0,170.0,,2025-12-02T02:00:46.126Z
175262631,18447122,475,rebet,threes,1.5,over_under,-143.0,-105.0,,2025-12-02T02:00:46.126Z
175262632,18447122,192,rebet,threes,2.5,over_under,105.0,-154.0,,2025-12-02T02:00:46.126Z
175262633,18447122,274,rebet,threes,0.5,over_under,-182.0,125.0,,2025-12-02T02:00:46.126Z
175262634,18447122,380,rebet,threes,3.5,over_under,-250.0,165.0,,2025-12-02T02:00:46.126Z
175856428,18447122,274,draftkings,rebounds,7.5,over_under,325.0,-475.0,,2025-12-02T02:53:05.302Z
233817437,18447136,192,rebet,points,27.5,over_under,-118.0,-125.0,,2025-12-04T02:13:45.871Z
307637054,18447156,101,rebet,blocks,0.5,milestone,,,-526.0,2025-12-06T00:59:47.697Z
307637055,18447156,101,rebet,blocks,1.5,milestone,,,133.0,2025-12-06T00:59:47.697Z
307637056,18447156,101,rebet,blocks,2.5,milestone,,,360.0,2025-12-06T00:59:47.697Z
307637057,18447156,101,rebet,blocks,3.5,milestone,,,1100.0,2025-12-06T00:59:47.697Z
307637058,18447156,101,rebet,blocks,4.5,milestone,,,4500.0,2025-12-06T00:59:47.697Z
307637059,18447156,231,rebet,blocks,0.5,milestone,,,-255.0,2025-12-06T00:59:47.697Z
307637060,18447156,231,rebet,blocks,1.5,milestone,,,244.0,2025-12-06T00:59:47.697Z
307637061,18447156,231,rebet,blocks,2.5,milestone,,,640.0,2025-12-06T00:59:47.697Z
307637062,18447156,231,rebet,blocks,3.5,milestone,,,1575.0,2025-12-06T00:59:47.697Z
307637063,18447156,231,rebet,blocks,4.5,milestone,,,6400.0,2025-12-06T00:59:47.697Z
307637064,18447156,38017731,rebet,blocks,0.5,milestone,,,-128.0,2025-12-06T00:59:47.697Z
307637065,18447156,38017731,rebet,blocks,1.5,milestone,,,400.0,2025-12-06T00:59:47.697Z
307637066,18447156,38017731,rebet,blocks,2.5,milestone,,,1275.0,2025-12-06T00:59:47.697Z
307637067,18447156,38017731,rebet,blocks,3.5,milestone,,,3100.0,2025-12-06T00:59:47.697Z
307637068,18447156,38017731,rebet,blocks,4.5,milestone,,,8000.0,2025-12-06T00:59:47.697Z
307637069,18447156,1028025754,rebet,blocks,0.5,milestone,,,-847.0,2025-12-06T00:59:47.697Z
307637070,18447156,1028025754,rebet,blocks,1.5,milestone,,,-141.0,2025-12-06T00:59:47.697Z
307637071,18447156,1028025754,rebet,blocks,2.5,milestone,,,250.0,2025-12-06T00:59:47.697Z
307637072,18447156,1028025754,rebet,blocks,3.5,milestone,,,550.0,2025-12-06T00:59:47.697Z
307637073,18447156,1028025754,rebet,blocks,4.5,milestone,,,2200.0,2025-12-06T00:59:47.697Z
307637074,18447156,192,rebet,blocks,0.5,milestone,,,-103.0,2025-12-06T00:59:47.697Z
307637075,18447156,192,rebet,blocks,1.5,milestone,,,440.0,2025-12-06T00:59:47.697Z
307637076,18447156,192,rebet,blocks,2.5,milestone,,,1550.0,2025-12-06T00:59:47.697Z
307637077,18447156,192,rebet,blocks,3.5,milestone,,,3600.0,2025-12-06T00:59:47.697Z
307637078,18447156,192,rebet,blocks,4.5,milestone,,,8500.0,2025-12-06T00:59:47.697Z
307637079,18447156,274,rebet,blocks,0.5,milestone,,,-128.0,2025-12-06T00:59:47.697Z
307637080,18447156,274,rebet,blocks,1.5,milestone,,,400.0,2025-12-06T00:59:47.697Z
307637081,18447156,274,rebet,blocks,2.5,milestone,,,1275.0,2025-12-06T00:59:47.697Z
307637082,18447156,274,rebet,blocks,3.5,milestone,,,3100.0,2025-12-06T00:59:47.697Z
307637083,18447156,274,rebet,blocks,4.5,milestone,,,8000.0,2025-12-06T00:59:47.697Z
307637084,18447156,493,rebet,blocks,0.5,milestone,,,-526.0,2025-12-06T00:59:47.697Z
307637085,18447156,493,rebet,blocks,1.5,milestone,,,133.0,2025-12-06T00:59:47.697Z
307637086,18447156,493,rebet,blocks,2.5,milestone,,,360.0,2025-12-06T00:59:47.697Z
307637087,18447156,493,rebet,blocks,3.5,milestone,,,1100.0,2025-12-06T00:59:47.697Z
307637088,18447156,493,rebet,blocks,4.5,milestone,,,4500.0,2025-12-06T00:59:47.697Z
307637089,18447156,139,rebet,blocks,0.5,milestone,,,117.0,2025-12-06T00:59:47.697Z
307637090,18447156,139,rebet,blocks,1.5,milestone,,,530.0,2025-12-06T00:59:47.697Z
307637091,18447156,139,rebet,blocks,2.5,milestone,,,1725.0,2025-12-06T00:59:47.697Z
307637092,18447156,139,rebet,blocks,3.5,milestone,,,4000.0,2025-12-06T00:59:47.697Z
307637093,18447156,139,rebet,blocks,4.5,milestone,,,9000.0,2025-12-06T00:59:47.697Z
307637094,18447156,101,rebet,points,13.5,over_under,-121.0,-123.0,,2025-12-06T00:59:47.697Z
307637095,18447156,19465326,rebet,points,8.5,over_under,-115.0,-130.0,,2025-12-06T00:59:47.697Z
307637096,18447156,231,rebet,points,19.5,over_under,-122.0,-122.0,,2025-12-06T00:59:47.697Z
307637097,18447156,38017731,rebet,points,10.5,over_under,-128.0,-117.0,,2025-12-06T00:59:47.697Z
307637098,18447156,17896067,rebet,points,10.5,over_under,-135.0,-111.0,,2025-12-06T00:59:47.697Z
307637099,18447156,1028048549,rebet,points,10.5,over_under,-118.0,-126.0,,2025-12-06T00:59:47.697Z
307637100,18447156,1028025754,rebet,points,12.5,over_under,-122.0,-122.0,,2025-12-06T00:59:47.697Z
307637101,18447156,1057266649,rebet,points,12.5,over_under,-123.0,-121.0,,2025-12-06T00:59:47.697Z
307637102,18447156,1028039105,rebet,points,11.5,over_under,-132.0,-113.0,,2025-12-06T00:59:47.697Z
307637103,18447156,33,rebet,points,4.5,over_under,-108.0,-138.0,,2025-12-06T00:59:47.697Z
307637104,18447156,192,rebet,points,25.5,over_under,-129.0,-116.0,,2025-12-06T00:59:47.697Z
307637105,18447156,274,rebet,points,25.5,over_under,-116.0,-129.0,,2025-12-06T00:59:47.697Z
307637106,18447156,81,rebet,points,6.5,over_under,-117.0,-128.0,,2025-12-06T00:59:47.697Z
307637107,18447156,493,rebet,points,15.5,over_under,-130.0,-115.0,,2025-12-06T00:59:47.697Z
307637108,18447156,139,rebet,points,8.5,over_under,-111.0,-135.0,,2025-12-06T00:59:47.697Z
307637109,18447156,231,rebet,assists,2.5,over_under,116.0,-175.0,,2025-12-06T00:59:47.697Z
307637110,18447156,38017731,rebet,assists,6.5,over_under,-128.0,-117.0,,2025-12-06T00:59:47.697Z
307637111,18447156,17896067,rebet,assists,2.5,over_under,-155.0,103.0,,2025-12-06T00:59:47.697Z
307637112,18447156,1028048549,rebet,assists,3.5,over_under,-167.0,111.0,,2025-12-06T00:59:47.697Z
307637113,18447156,1057266649,rebet,assists,2.5,over_under,-130.0,-115.0,,2025-12-06T00:59:47.697Z
307637114,18447156,192,rebet,assists,8.5,over_under,-128.0,-117.0,,2025-12-06T00:59:47.697Z
307637115,18447156,274,rebet,assists,3.5,over_under,116.0,-175.0,,2025-12-06T00:59:47.697Z
307637116,18447156,81,rebet,assists,2.5,over_under,127.0,-193.0,,2025-12-06T00:59:47.697Z
307637117,18447156,493,rebet,assists,3.5,over_under,101.0,-151.0,,2025-12-06T00:59:47.697Z
307637118,18447156,139,rebet,assists,2.5,over_under,-160.0,107.0,,2025-12-06T00:59:47.697Z
307637119,18447156,101,rebet,rebounds,5.5,over_under,-153.0,102.0,,2025-12-06T00:59:47.697Z
307637120,18447156,19465326,rebet,rebounds,3.5,over_under,-146.0,-103.0,,2025-12-06T00:59:47.697Z
307637121,18447156,231,rebet,rebounds,5.5,over_under,108.0,-162.0,,2025-12-06T00:59:47.697Z
307637122,18447156,38017731,rebet,rebounds,4.5,over_under,-105.0,-142.0,,2025-12-06T00:59:47.697Z
307637123,18447156,17896067,rebet,rebounds,5.5,over_under,100.0,-150.0,,2025-12-06T00:59:47.697Z
307637124,18447156,1028025754,rebet,rebounds,11.5,over_under,-143.0,-104.0,,2025-12-06T00:59:47.697Z
307637125,18447156,1057266649,rebet,rebounds,4.5,over_under,-155.0,103.0,,2025-12-06T00:59:47.697Z
307637126,18447156,1028039105,rebet,rebounds,3.5,over_under,116.0,-175.0,,2025-12-06T00:59:47.697Z
307637127,18447156,33,rebet,rebounds,2.5,over_under,-165.0,110.0,,2025-12-06T00:59:47.697Z
307637128,18447156,192,rebet,rebounds,5.5,over_under,105.0,-158.0,,2025-12-06T00:59:47.697Z
307637129,18447156,274,rebet,rebounds,5.5,over_under,101.0,-151.0,,2025-12-06T00:59:47.697Z
307637130,18447156,81,rebet,rebounds,1.5,over_under,-118.0,-126.0,,2025-12-06T00:59:47.697Z
307637131,18447156,493,rebet,rebounds,11.5,over_under,-125.0,-120.0,,2025-12-06T00:59:47.697Z
307637132,18447156,139,rebet,rebounds,2.5,over_under,-138.0,-108.0,,2025-12-06T00:59:47.697Z
307637133,18447156,101,rebet,threes,1.5,over_under,151.0,-234.0,,2025-12-06T00:59:47.697Z
307637134,18447156,231,rebet,threes,1.5,over_under,-175.0,115.0,,2025-12-06T00:59:47.697Z
307637135,18447156,38017731,rebet,threes,1.5,over_under,-129.0,-116.0,,2025-12-06T00:59:47.697Z
307637136,18447156,17896067,rebet,threes,1.5,over_under,140.0,-216.0,,2025-12-06T00:59:47.697Z
307637137,18447156,1028048549,rebet,threes,1.5,over_under,-160.0,106.0,,2025-12-06T00:59:47.697Z
307637138,18447156,1057266649,rebet,threes,1.5,over_under,-120.0,-125.0,,2025-12-06T00:59:47.697Z
307637139,18447156,1028039105,rebet,threes,1.5,over_under,-160.0,106.0,,2025-12-06T00:59:47.697Z
307637140,18447156,33,rebet,threes,1.5,over_under,113.0,-170.0,,2025-12-06T00:59:47.697Z
307637141,18447156,192,rebet,threes,3.5,over_under,-113.0,-132.0,,2025-12-06T00:59:47.697Z
307637142,18447156,274,rebet,threes,2.5,over_under,108.0,-162.0,,2025-12-06T00:59:47.697Z
307637143,18447156,81,rebet,threes,1.5,over_under,145.0,-224.0,,2025-12-06T00:59:47.697Z
307637144,18447156,139,rebet,threes,1.5,over_under,156.0,-246.0,,2025-12-06T00:59:47.697Z
312366447,18447156,231,draftkings,points,13.5,over_under,310.0,-445.0,,2025-12-06T03:13:51.509Z
363339771,18447164,101,rebet,points,14.5,over_under,100.0,-143.0,,2025-12-07T02:29:46.264Z
363339772,18447164,131,rebet,points,6.5,over_under,-118.0,-118.0,,2025-12-07T02:29:46.264Z
363339773,18447164,667378,rebet,points,12.5,over_under,-111.0,-133.0,,2025-12-07T02:29:46.264Z
363339774,18447164,3547259,rebet,points,19.5,over_under,105.0,-154.0,,2025-12-07T02:29:46.264Z
363339775,18447164,3547238,rebet,points,30.5,over_under,-118.0,-118.0,,2025-12-07T02:29:46.264Z
363339776,18447164,192,rebet,points,30.5,over_under,-111.0,-125.0,,2025-12-07T02:29:46.264Z
363339777,18447164,274,rebet,points,23.5,over_under,-133.0,-105.0,,2025-12-07T02:29:46.264Z
363339778,18447164,387,rebet,points,20.5,over_under,-133.0,-105.0,,2025-12-07T02:29:46.264Z
363339779,18447164,493,rebet,points,13.5,over_under,-133.0,-105.0,,2025-12-07T02:29:46.264Z
363339780,18447164,192,rebet,assists,6.5,over_under,-143.0,100.0,,2025-12-07T02:29:46.264Z
363339781,18447164,192,rebet,rebounds,6.5,over_under,130.0,-192.0,,2025-12-07T02:29:46.264Z
363339782,18447164,192,rebet,threes,2.5,over_under,115.0,-167.0,,2025-12-07T02:29:46.264Z
554326708,20054958,17896062,rebet,points,22.5,over_under,-105.0,-133.0,,2025-12-12T02:59:46.487Z
554326709,20054958,56677825,rebet,points,13.5,over_under,-111.0,-133.0,,2025-12-12T02:59:46.487Z
554326710,20054958,140,rebet,points,21.5,over_under,-105.0,-133.0,,2025-12-12T02:59:46.487Z
554326711,20054958,192,rebet,points,19.5,over_under,-118.0,-118.0,,2025-12-12T02:59:46.487Z
554326712,20054958,274,rebet,points,22.5,over_under,100.0,-143.0,,2025-12-12T02:59:46.487Z
555305551,20054958,493,draftkings,points,35,milestone,,,1100.0,2025-12-12T03:28:07.349Z
555305552,20054958,274,draftkings,points,30,milestone,,,700.0,2025-12-12T03:28:07.349Z
555305553,20054958,56677825,draftkings,points,25,milestone,,,950.0,2025-12-12T03:28:07.349Z
763759638,20054979,231,rebet,points,30.5,over_under,-111.0,-125.0,,2025-12-16T05:20:45.782Z
763759639,20054979,666786,rebet,points,11.5,over_under,-105.0,-133.0,,2025-12-16T05:20:45.782Z
763759640,20054979,192,rebet,points,15.5,over_under,-125.0,-118.0,,2025-12-16T05:20:45.782Z
763759641,20054979,274,rebet,points,27.5,over_under,100.0,-143.0,,2025-12-16T05:20:45.782Z
763759642,20054979,493,rebet,points,10.5,over_under,120.0,-175.0,,2025-12-16T05:20:45.782Z
763759643,20054979,666786,rebet,assists,4.5,over_under,-105.0,-133.0,,2025-12-16T05:20:45.782Z
763759644,20054979,192,rebet,assists,7.5,over_under,-182.0,125.0,,2025-12-16T05:20:45.782Z
763759645,20054979,231,rebet,rebounds,5.5,over_under,-118.0,-118.0,,2025-12-16T05:20:45.782Z
763759646,20054979,274,rebet,rebounds,5.5,over_under,130.0,-192.0,,2025-12-16T05:20:45.782Z
763759647,20054979,493,rebet,rebounds,15.5,over_under,120.0,-175.0,,2025-12-16T05:20:45.782Z
763759648,20054979,192,rebet,threes,3.5,over_under,-167.0,115.0,,2025-12-16T05:20:45.782Z
902458960,18447178,101,rebet,points,15.5,over_under,-118.0,-125.0,,2025-12-19T01:40:46.595Z
902458961,18447178,175,rebet,points,28.5,over_under,-125.0,-118.0,,2025-12-19T01:40:46.595Z
902458962,18447178,666541,rebet,points,4.5,over_under,-143.0,100.0,,2025-12-19T01:40:46.595Z
902458963,18447178,38017685,rebet,points,23.5,over_under,-118.0,-118.0,,2025-12-19T01:40:46.595Z
902458964,18447178,1028037477,rebet,points,11.5,over_under,-111.0,-133.0,,2025-12-19T01:40:46.595Z
902458965,18447178,56677833,rebet,points,8.5,over_under,-118.0,-118.0,,2025-12-19T01:40:46.595Z
902458966,18447178,53,rebet,points,15.5,over_under,-125.0,-111.0,,2025-12-19T01:40:46.595Z
902458967,18447178,274,rebet,points,26.5,over_under,-118.0,-125.0,,2025-12-19T01:40:46.595Z
902458968,18447178,139,rebet,points,5.5,over_under,-111.0,-133.0,,2025-12-19T01:40:46.595Z
902458969,18447178,175,rebet,assists,6.5,over_under,110.0,-154.0,,2025-12-19T01:40:46.595Z
902458970,18447178,1028037477,rebet,assists,3.5,over_under,-133.0,-105.0,,2025-12-19T01:40:46.595Z
902458971,18447178,56677833,rebet,assists,2.5,over_under,110.0,-154.0,,2025-12-19T01:40:46.595Z
902458972,18447178,53,rebet,assists,2.5,over_under,-154.0,110.0,,2025-12-19T01:40:46.595Z
902458973,18447178,274,rebet,assists,4.5,over_under,100.0,-143.0,,2025-12-19T01:40:46.595Z
902458974,18447178,139,rebet,assists,5.5,over_under,100.0,-143.0,,2025-12-19T01:40:46.595Z
902458975,18447178,101,rebet,rebounds,6.5,over_under,115.0,-167.0,,2025-12-19T01:40:46.595Z
902458976,18447178,175,rebet,rebounds,8.5,over_under,130.0,-192.0,,2025-12-19T01:40:46.595Z
902458977,18447178,666541,rebet,rebounds,2.5,over_under,120.0,-175.0,,2025-12-19T01:40:46.595Z
902458978,18447178,38017685,rebet,rebounds,6.5,over_under,-167.0,110.0,,2025-12-19T01:40:46.595Z
902458979,18447178,1028037477,rebet,rebounds,3.5,over_under,-105.0,-133.0,,2025-12-19T01:40:46.595Z
902458980,18447178,56677833,rebet,rebounds,3.5,over_under,120.0,-167.0,,2025-12-19T01:40:46.595Z
902458981,18447178,53,rebet,rebounds,2.5,over_under,110.0,-154.0,,2025-12-19T01:40:46.595Z
902458982,18447178,274,rebet,rebounds,7.5,over_under,105.0,-154.0,,2025-12-19T01:40:46.595Z
902458983,18447178,175,rebet,threes,1.5,over_under,165.0,-250.0,,2025-12-19T01:40:46.595Z
902458984,18447178,666541,rebet,threes,1.5,over_under,160.0,-238.0,,2025-12-19T01:40:46.595Z
902458985,18447178,38017685,rebet,threes,2.5,over_under,-213.0,140.0,,2025-12-19T01:40:46.595Z
902458986,18447178,56677833,rebet,threes,1.5,over_under,-222.0,155.0,,2025-12-19T01:40:46.595Z
902458987,18447178,53,rebet,threes,3.5,over_under,-125.0,-111.0,,2025-12-19T01:40:46.595Z
902458988,18447178,274,rebet,threes,1.5,over_under,-125.0,-118.0,,2025-12-19T01:40:46.595Z
1221424391,18447231,101,rebet,points,7.5,over_under,-118.0,-125.0,,2025-12-24T05:05:45.874Z
1221424392,18447231,17896062,rebet,points,26.5,over_under,-111.0,-133.0,,2025-12-24T05:05:45.874Z
1221424393,18447231,38017684,rebet,points,18.5,over_under,-143.0,100.0,,2025-12-24T05:05:45.874Z
1221424394,18447231,56677825,rebet,points,20.5,over_under,-105.0,-133.0,,2025-12-24T05:05:45.874Z
1221424395,18447231,1028028519,rebet,points,9.5,over_under,-111.0,-133.0,,2025-12-24T05:05:45.874Z
1221424396,18447231,140,rebet,points,26.5,over_under,-143.0,-105.0,,2025-12-24T05:05:45.874Z
1221424397,18447231,192,rebet,points,27.5,over_under,-125.0,-118.0,,2025-12-24T05:05:45.874Z
1221424398,18447231,274,rebet,points,33.5,over_under,-125.0,-118.0,,2025-12-24T05:05:45.874Z
1221424399,18447231,17896062,rebet,assists,9.5,over_under,-111.0,-133.0,,2025-12-24T05:05:45.874Z
1221424400,18447231,56677825,rebet,assists,7.5,over_under,135.0,-200.0,,2025-12-24T05:05:45.874Z
1221424401,18447231,140,rebet,assists,2.5,over_under,-105.0,-143.0,,2025-12-24T05:05:45.874Z
1221424402,18447231,192,rebet,assists,6.5,over_under,-118.0,-125.0,,2025-12-24T05:05:45.874Z
1221424403,18447231,274,rebet,assists,3.5,over_under,170.0,-250.0,,2025-12-24T05:05:45.874Z
1221424404,18447231,101,rebet,rebounds,6.5,over_under,-143.0,100.0,,2025-12-24T05:05:45.874Z
1221424405,18447231,17896062,rebet,rebounds,14.5,over_under,-133.0,-105.0,,2025-12-24T05:05:45.874Z
1221424406,18447231,38017695,rebet,rebounds,4.5,over_under,-125.0,-111.0,,2025-12-24T05:05:45.874Z
1221424407,18447231,38017684,rebet,rebounds,3.5,over_under,-105.0,-133.0,,2025-12-24T05:05:45.874Z
1221424408,18447231,56677825,rebet,rebounds,10.5,over_under,-154.0,105.0,,2025-12-24T05:05:45.874Z
1221424409,18447231,283,rebet,rebounds,5.5,over_under,155.0,-222.0,,2025-12-24T05:05:45.874Z
1221424410,18447231,140,rebet,rebounds,5.5,over_under,-167.0,115.0,,2025-12-24T05:05:45.874Z
1221424411,18447231,33,rebet,rebounds,1.5,over_under,-143.0,100.0,,2025-12-24T05:05:45.874Z
1221424412,18447231,192,rebet,rebounds,4.5,over_under,-133.0,-105.0,,2025-12-24T05:05:45.874Z
1221424413,18447231,3,rebet,rebounds,4.5,over_under,-182.0,125.0,,2025-12-24T05:05:45.874Z
1221424414,18447231,274,rebet,rebounds,4.5,over_under,-111.0,-133.0,,2025-12-24T05:05:45.874Z
1221424415,18447231,17896062,rebet,threes,0.5,over_under,240.0,-400.0,,2025-12-24T05:05:45.874Z
1221424416,18447231,38017695,rebet,threes,0.5,over_under,105.0,-154.0,,2025-12-24T05:05:45.874Z
1221424417,18447231,38017684,rebet,threes,4.5,over_under,-167.0,110.0,,2025-12-24T05:05:45.874Z
1221424418,18447231,1028028519,rebet,threes,1.5,over_under,-200.0,135.0,,2025-12-24T05:05:45.874Z
1221424419,18447231,283,rebet,threes,1.5,over_under,140.0,-213.0,,2025-12-24T05:05:45.874Z
1221424420,18447231,140,rebet,threes,1.5,over_under,-192.0,130.0,,2025-12-24T05:05:45.874Z
1221424421,18447231,33,rebet,threes,2.5,over_under,105.0,-154.0,,2025-12-24T05:05:45.874Z
1221424422,18447231,192,rebet,threes,2.5,over_under,-200.0,135.0,,2025-12-24T05:05:45.874Z
1221424423,18447231,53,rebet,threes,0.5,over_under,-111.0,-133.0,,2025-12-24T05:05:45.874Z
1221424424,18447231,274,rebet,threes,2.5,over_under,-175.0,120.0,,2025-12-24T05:05:45.874Z
1221424425,18447231,139,rebet,threes,3.5,over_under,180.0,-270.0,,2025-12-24T05:05:45.874Z
1438171595,18447245,3547242,rebet,points,27.5,over_under,-118.0,-125.0,,2025-12-27T04:58:45.843Z
1438171596,18447245,192,rebet,points,27.5,over_under,-125.0,-111.0,,2025-12-27T04:58:45.843Z
1438171597,18447245,274,rebet,points,17.5,over_under,-118.0,-118.0,,2025-12-27T04:58:45.843Z
1593248296,18447259,17896075,rebet,points,22.5,over_under,-133.0,-105.0,,2025-12-29T03:40:45.876Z
1593248297,18447259,38017694,rebet,points,21.5,over_under,-133.0,-105.0,,2025-12-29T03:40:45.876Z
1593248298,18447259,192,rebet,points,24.5,over_under,100.0,-143.0,,2025-12-29T03:40:45.876Z
1593248299,18447259,274,rebet,points,47.5,over_under,-133.0,-105.0,,2025-12-29T03:40:45.876Z
1715883860,18447275,247,rebet,points,6.5,over_under,-133.0,-105.0,,2025-12-31T05:00:46.112Z
1715883861,18447275,101,rebet,points,11.5,over_under,105.0,-143.0,,2025-12-31T05:00:46.112Z
1715883862,18447275,3547249,rebet,points,3.5,over_under,-105.0,-133.0,,2025-12-31T05:00:46.112Z
1715883863,18447275,1057276634,rebet,points,7.5,over_under,100.0,-143.0,,2025-12-31T05:00:46.112Z
1715883864,18447275,38017688,rebet,points,12.5,over_under,-133.0,-111.0,,2025-12-31T05:00:46.112Z
1715883865,18447275,1057390745,rebet,points,13.5,over_under,-105.0,-133.0,,2025-12-31T05:00:46.112Z
1715883866,18447275,472,rebet,points,15.5,over_under,-105.0,-143.0,,2025-12-31T05:00:46.112Z
1715883867,18447275,409,rebet,points,8.5,over_under,-143.0,100.0,,2025-12-31T05:00:46.112Z
1715883868,18447275,125,rebet,points,17.5,over_under,-111.0,-133.0,,2025-12-31T05:00:46.112Z
1715883869,18447275,283,rebet,points,6.5,over_under,-143.0,100.0,,2025-12-31T05:00:46.112Z
1715883870,18447275,33,rebet,points,3.5,over_under,150.0,-222.0,,2025-12-31T05:00:46.112Z
1715883871,18447275,192,rebet,points,26.5,over_under,-118.0,-125.0,,2025-12-31T05:00:46.112Z
1715883872,18447275,274,rebet,points,39.5,over_under,-111.0,-125.0,,2025-12-31T05:00:46.112Z
1715883873,18447275,139,rebet,points,11.5,over_under,-125.0,-118.0,,2025-12-31T05:00:46.112Z
1715883874,18447275,125,rebet,assists,3.5,over_under,-105.0,-133.0,,2025-12-31T05:00:46.112Z
1715883875,18447275,192,rebet,assists,5.5,over_under,105.0,-154.0,,2025-12-31T05:00:46.112Z
1715883876,18447275,274,rebet,assists,5.5,over_under,100.0,-143.0,,2025-12-31T05:00:46.112Z
1715883877,18447275,139,rebet,assists,1.5,over_under,-133.0,-111.0,,2025-12-31T05:00:46.112Z
1715883878,18447275,247,rebet,rebounds,2.5,over_under,-105.0,-133.0,,2025-12-31T05:00:46.112Z
1715883879,18447275,101,rebet,rebounds,6.5,over_under,115.0,-167.0,,2025-12-31T05:00:46.112Z
1715883880,18447275,3547249,rebet,rebounds,4.5,over_under,-133.0,-105.0,,2025-12-31T05:00:46.112Z
1715883881,18447275,1057390745,rebet,rebounds,8.5,over_under,100.0,-143.0,,2025-12-31T05:00:46.112Z
1715883882,18447275,472,rebet,rebounds,5.5,over_under,-125.0,-118.0,,2025-12-31T05:00:46.112Z
1715883883,18447275,125,rebet,rebounds,4.5,over_under,-213.0,140.0,,2025-12-31T05:00:46.112Z
1715883884,18447275,283,rebet,rebounds,5.5,over_under,-175.0,120.0,,2025-12-31T05:00:46.112Z
1715883885,18447275,192,rebet,rebounds,2.5,over_under,-143.0,100.0,,2025-12-31T05:00:46.112Z
1715883886,18447275,274,rebet,rebounds,7.5,over_under,105.0,-154.0,,2025-12-31T05:00:46.112Z
1715883887,18447275,139,rebet,rebounds,5.5,over_under,-154.0,110.0,,2025-12-31T05:00:46.112Z
1715883888,18447275,472,rebet,threes,1.5,over_under,-213.0,145.0,,2025-12-31T05:00:46.112Z
1715883889,18447275,283,rebet,threes,1.5,over_under,140.0,-213.0,,2025-12-31T05:00:46.112Z
1715883890,18447275,192,rebet,threes,2.5,over_under,-143.0,100.0,,2025-12-31T05:00:46.112Z
1715883891,18447275,274,rebet,threes,4.5,over_under,-125.0,-111.0,,2025-12-31T05:00:46.112Z
1715883892,18447275,139,rebet,threes,2.5,over_under,-111.0,-133.0,,2025-12-31T05:00:46.112Z
1850117736,18447289,192,rebet,points,25.5,over_under,-111.0,-133.0,,2026-01-02T05:41:45.819Z
1850117737,18447289,274,rebet,points,34.5,over_under,-133.0,-105.0,,2026-01-02T05:41:45.819Z
1850117738,18447289,101,rebet,rebounds,12.5,over_under,175.0,-270.0,,2026-01-02T05:41:45.819Z
1850117739,18447289,101,rebet,threes,0.5,over_under,320.0,-556.0,,2026-01-02T05:41:45.819Z
1850117740,18447289,192,rebet,threes,1.5,over_under,-105.0,-133.0,,2026-01-02T05:41:45.819Z
1850117741,18447289,274,rebet,threes,3.5,over_under,100.0,-143.0,,2026-01-02T05:41:45.819Z
2000872201,18447307,101,rebet,points,16.5,over_under,-118.0,-125.0,,2026-01-04T04:11:46.111Z
2000872202,18447307,473,rebet,points,26.5,over_under,-125.0,-118.0,,2026-01-04T04:11:46.111Z
2000872203,18447307,3547276,rebet,points,11.5,over_under,-105.0,-133.0,,2026-01-04T04:11:46.111Z
2000872204,18447307,17896060,rebet,points,10.5,over_under,-111.0,-133.0,,2026-01-04T04:11:46.111Z
2000872205,18447307,419,rebet,points,14.5,over_under,-111.0,-133.0,,2026-01-04T04:11:46.111Z
2000872206,18447307,17553967,rebet,points,8.5,over_under,-118.0,-125.0,,2026-01-04T04:11:46.111Z
2000872207,18447307,192,rebet,points,20.5,over_under,-118.0,-125.0,,2026-01-04T04:11:46.111Z
2000872208,18447307,274,rebet,points,28.5,over_under,-111.0,-133.0,,2026-01-04T04:11:46.111Z
2000872209,18447307,493,rebet,points,9.5,over_under,-105.0,-143.0,,2026-01-04T04:11:46.111Z
2000872210,18447307,70,rebet,points,33.5,over_under,-133.0,-111.0,,2026-01-04T04:11:46.111Z
2000872211,18447307,473,rebet,assists,7.5,over_under,-111.0,-125.0,,2026-01-04T04:11:46.111Z
2000872212,18447307,3547276,rebet,assists,6.5,over_under,-105.0,-133.0,,2026-01-04T04:11:46.111Z
2000872213,18447307,419,rebet,assists,3.5,over_under,-111.0,-133.0,,2026-01-04T04:11:46.111Z
2000872214,18447307,192,rebet,assists,10.5,over_under,-118.0,-125.0,,2026-01-04T04:11:46.111Z
2000872215,18447307,274,rebet,assists,3.5,over_under,-154.0,105.0,,2026-01-04T04:11:46.111Z
2000872216,18447307,493,rebet,assists,1.5,over_under,170.0,-250.0,,2026-01-04T04:11:46.111Z
2000872217,18447307,70,rebet,assists,5.5,over_under,100.0,-143.0,,2026-01-04T04:11:46.111Z
2000872218,18447307,101,rebet,rebounds,3.5,over_under,-154.0,105.0,,2026-01-04T04:11:46.111Z
2000872219,18447307,473,rebet,rebounds,4.5,over_under,-175.0,120.0,,2026-01-04T04:11:46.111Z
2000872220,18447307,3547276,rebet,rebounds,3.5,over_under,-192.0,130.0,,2026-01-04T04:11:46.111Z
2000872221,18447307,17553967,rebet,rebounds,8.5,over_under,105.0,-154.0,,2026-01-04T04:11:46.111Z
2000872222,18447307,274,rebet,rebounds,5.5,over_under,-154.0,110.0,,2026-01-04T04:11:46.111Z
2000872223,18447307,493,rebet,rebounds,6.5,over_under,-111.0,-125.0,,2026-01-04T04:11:46.111Z
2000872224,18447307,70,rebet,rebounds,4.5,over_under,-105.0,-133.0,,2026-01-04T04:11:46.111Z
2000872225,18447307,101,rebet,threes,0.5,over_under,-133.0,-105.0,,2026-01-04T04:11:46.111Z
2000872226,18447307,473,rebet,threes,4.5,over_under,-200.0,135.0,,2026-01-04T04:11:46.111Z
2000872227,18447307,3547276,rebet,threes,1.5,over_under,-192.0,130.0,,2026-01-04T04:11:46.111Z
2000872228,18447307,17896060,rebet,threes,2.5,over_under,100.0,-143.0,,2026-01-04T04:11:46.111Z
2000872229,18447307,419,rebet,threes,3.5,over_under,-105.0,-143.0,,2026-01-04T04:11:46.111Z
2000872230,18447307,192,rebet,threes,1.5,over_under,-182.0,125.0,,2026-01-04T04:11:46.111Z
2000872231,18447307,274,rebet,threes,2.5,over_under,-200.0,140.0,,2026-01-04T04:11:46.111Z
2000872232,18447307,70,rebet,threes,2.5,over_under,140.0,-213.0,,2026-01-04T04:11:46.111Z
2119491505,18447322,313,rebet,points,8.5,over_under,-143.0,100.0,,2026-01-06T04:27:45.851Z
2119491506,18447322,17553992,rebet,points,5.5,over_under,110.0,-154.0,,2026-01-06T04:27:45.851Z
2119491507,18447322,56677858,rebet,points,7.5,over_under,-118.0,-125.0,,2026-01-06T04:27:45.851Z
2119491508,18447322,79,rebet,points,17.5,over_under,-143.0,100.0,,2026-01-06T04:27:45.851Z
2119491509,18447322,283,rebet,points,3.5,over_under,115.0,-167.0,,2026-01-06T04:27:45.851Z
2119491510,18447322,115,rebet,points,30.5,over_under,-118.0,-118.0,,2026-01-06T04:27:45.851Z
2119491511,18447322,493,rebet,points,11.5,over_under,-133.0,-111.0,,2026-01-06T04:27:45.851Z
2119491512,18447322,56677858,rebet,assists,1.5,over_under,-118.0,-125.0,,2026-01-06T04:27:45.851Z
2119491513,18447322,79,rebet,assists,1.5,over_under,-200.0,135.0,,2026-01-06T04:27:45.851Z
2119491514,18447322,115,rebet,assists,6.5,over_under,120.0,-175.0,,2026-01-06T04:27:45.851Z
2119491515,18447322,139,rebet,assists,4.5,over_under,100.0,-143.0,,2026-01-06T04:27:45.851Z
2119491516,18447322,313,rebet,rebounds,1.5,over_under,165.0,-250.0,,2026-01-06T04:27:45.851Z
2119491517,18447322,1028047928,rebet,rebounds,3.5,over_under,145.0,-222.0,,2026-01-06T04:27:45.851Z
2119491518,18447322,56677858,rebet,rebounds,3.5,over_under,-200.0,135.0,,2026-01-06T04:27:45.851Z
2119491519,18447322,79,rebet,rebounds,4.5,over_under,125.0,-182.0,,2026-01-06T04:27:45.851Z
2119491520,18447322,283,rebet,rebounds,3.5,over_under,105.0,-154.0,,2026-01-06T04:27:45.851Z
2119491521,18447322,33,rebet,rebounds,3.5,over_under,115.0,-167.0,,2026-01-06T04:27:45.851Z
2119491522,18447322,219,rebet,rebounds,4.5,over_under,-118.0,-125.0,,2026-01-06T04:27:45.851Z
2119491523,18447322,115,rebet,rebounds,2.5,over_under,-182.0,125.0,,2026-01-06T04:27:45.851Z
2119491524,18447322,493,rebet,rebounds,11.5,over_under,-167.0,110.0,,2026-01-06T04:27:45.851Z
2119491525,18447322,139,rebet,rebounds,2.5,over_under,140.0,-213.0,,2026-01-06T04:27:45.851Z
2119491526,18447322,313,rebet,threes,1.5,over_under,-111.0,-133.0,,2026-01-06T04:27:45.851Z
2119491527,18447322,1028047928,rebet,threes,1.5,over_under,110.0,-167.0,,2026-01-06T04:27:45.851Z
2119491528,18447322,17553992,rebet,threes,0.5,over_under,-125.0,-111.0,,2026-01-06T04:27:45.851Z
2119491529,18447322,56677858,rebet,threes,0.5,over_under,-175.0,120.0,,2026-01-06T04:27:45.851Z
2119491530,18447322,79,rebet,threes,0.5,over_under,215.0,-333.0,,2026-01-06T04:27:45.851Z
2119491531,18447322,283,rebet,threes,0.5,over_under,-118.0,-118.0,,2026-01-06T04:27:45.851Z
2119491532,18447322,33,rebet,threes,2.5,over_under,-133.0,-111.0,,2026-01-06T04:27:45.851Z
2119491533,18447322,219,rebet,threes,1.5,over_under,-125.0,-111.0,,2026-01-06T04:27:45.851Z
2119491534,18447322,115,rebet,threes,4.5,over_under,105.0,-154.0,,2026-01-06T04:27:45.851Z
2119491535,18447322,139,rebet,threes,0.5,over_under,135.0,-200.0,,2026-01-06T04:27:45.851Z
2261337000,18447336,18,rebet,points,18.5,over_under,-125.0,-118.0,,2026-01-08T02:17:46.480Z
2261337001,18447336,73,rebet,points,27.5,over_under,-125.0,-118.0,,2026-01-08T02:17:46.480Z
2261337002,18447336,61,rebet,points,14.5,over_under,-111.0,-125.0,,2026-01-08T02:17:46.480Z
2261337003,18447336,192,rebet,points,26.5,over_under,-125.0,-118.0,,2026-01-08T02:17:46.480Z
2261337004,18447336,274,rebet,points,32.5,over_under,-118.0,-125.0,,2026-01-08T02:17:46.480Z
2261337005,18447336,447,rebet,points,15.5,over_under,-125.0,-111.0,,2026-01-08T02:17:46.480Z
2411017512,18447349,375,rebet,points,21.5,over_under,-125.0,-118.0,,2026-01-10T02:06:46.349Z
2411017513,18447349,17896048,rebet,points,16.5,over_under,-125.0,-111.0,,2026-01-10T02:06:46.349Z
2411017514,18447349,192,rebet,points,33.5,over_under,-125.0,-118.0,,2026-01-10T02:06:46.349Z
2411017515,18447349,274,rebet,points,17.5,over_under,-111.0,-125.0,,2026-01-10T02:06:46.349Z
2411017516,18447349,493,rebet,points,6.5,over_under,-125.0,-118.0,,2026-01-10T02:06:46.349Z
2411017517,18447349,666508,rebet,rebounds,7.5,over_under,-125.0,-111.0,,2026-01-10T02:06:46.349Z
2411017518,18447349,493,rebet,rebounds,9.5,over_under,125.0,-182.0,,2026-01-10T02:06:46.349Z
2411017519,18447349,375,rebet,threes,0.5,over_under,-250.0,165.0,,2026-01-10T02:06:46.349Z
2411017520,18447349,17896048,rebet,threes,1.5,over_under,-213.0,140.0,,2026-01-10T02:06:46.349Z
2411017521,18447349,56677843,rebet,threes,2.5,over_under,125.0,-182.0,,2026-01-10T02:06:46.349Z
2411017522,18447349,1057266813,rebet,threes,3.5,over_under,155.0,-222.0,,2026-01-10T02:06:46.349Z
2411017523,18447349,192,rebet,threes,3.5,over_under,-167.0,110.0,,2026-01-10T02:06:46.349Z
2411017524,18447349,274,rebet,threes,2.5,over_under,-125.0,-118.0,,2026-01-10T02:06:46.349Z
2411017525,18447349,139,rebet,threes,1.5,over_under,195.0,-312.0,,2026-01-10T02:06:46.349Z
2482588076,18447358,397,rebet,points,23.5,over_under,-105.0,-143.0,,2026-01-11T02:21:46.326Z
2482588077,18447358,192,rebet,points,16.5,over_under,-133.0,-105.0,,2026-01-11T02:21:46.326Z
2482588078,18447358,274,rebet,points,26.5,over_under,-125.0,-118.0,,2026-01-11T02:21:46.326Z
2484225591,18447358,192,draftkings,points,25,milestone,,,950.0,2026-01-11T03:07:31.154Z
2484225592,18447358,274,draftkings,points,26.5,over_under,-120.0,-110.0,,2026-01-11T03:07:31.154Z
2484225593,18447358,192,draftkings,points,19.5,over_under,-120.0,-110.0,,2026-01-11T03:07:31.154Z
2484225594,18447358,274,draftkings,rebounds,9,milestone,,,600.0,2026-01-11T03:07:31.154Z
2484225595,18447358,192,draftkings,rebounds,9,milestone,,,750.0,2026-01-11T03:07:31.154Z
2606957370,18447377,62,rebet,points,14.5,over_under,-111.0,-133.0,,2026-01-13T05:22:45.955Z
2606957371,18447377,3547239,rebet,points,24.5,over_under,105.0,-154.0,,2026-01-13T05:22:45.955Z
2606957372,18447377,56677823,rebet,points,17.5,over_under,-133.0,-105.0,,2026-01-13T05:22:45.955Z
2606957373,18447377,192,rebet,points,28.5,over_under,105.0,-154.0,,2026-01-13T05:22:45.955Z
2606957374,18447377,274,rebet,points,35.5,over_under,-143.0,100.0,,2026-01-13T05:22:45.955Z
2606957375,18447377,493,rebet,points,12.5,over_under,-154.0,105.0,,2026-01-13T05:22:45.955Z
2606957376,18447377,3547239,rebet,assists,6.5,over_under,-154.0,105.0,,2026-01-13T05:22:45.955Z
2606957377,18447377,192,rebet,assists,11.5,over_under,130.0,-182.0,,2026-01-13T05:22:45.955Z
2606957378,18447377,3547239,rebet,rebounds,9.5,over_under,120.0,-175.0,,2026-01-13T05:22:45.955Z
2606957379,18447377,38017725,rebet,rebounds,11.5,over_under,175.0,-270.0,,2026-01-13T05:22:45.955Z
2606957380,18447377,56677823,rebet,rebounds,7.5,over_under,165.0,-250.0,,2026-01-13T05:22:45.955Z
2606957381,18447377,274,rebet,rebounds,4.5,over_under,120.0,-175.0,,2026-01-13T05:22:45.955Z
2606957382,18447377,101,rebet,threes,1.5,over_under,270.0,-455.0,,2026-01-13T05:22:45.955Z
2606957383,18447377,3547239,rebet,threes,3.5,over_under,-143.0,105.0,,2026-01-13T05:22:45.955Z
2606957384,18447377,1057263194,rebet,threes,0.5,over_under,135.0,-192.0,,2026-01-13T05:22:45.955Z
2606957385,18447377,274,rebet,threes,5.5,over_under,-105.0,-143.0,,2026-01-13T05:22:45.955Z
2608027576,18447377,38017725,draftkings,rebounds,17,milestone,,,900.0,2026-01-13T05:49:56.691Z
2746978243,18447391,24,rebet,points,12.5,over_under,-143.0,-105.0,,2026-01-15T04:39:46.015Z
2746978244,18447391,192,rebet,points,27.5,over_under,-118.0,-118.0,,2026-01-15T04:39:46.015Z
2746978245,18447391,274,rebet,points,25.5,over_under,-125.0,-111.0,,2026-01-15T04:39:46.015Z
2746978246,18447391,139,rebet,points,7.5,over_under,-118.0,-118.0,,2026-01-15T04:39:46.015Z
2746978247,18447391,192,rebet,threes,3.5,over_under,135.0,-192.0,,2026-01-15T04:39:46.015Z
2746978248,18447391,274,rebet,threes,3.5,over_under,145.0,-213.0,,2026-01-15T04:39:46.015Z
2898601218,18447404,17896055,rebet,points,16.5,over_under,100.0,-143.0,,2026-01-17T02:22:46.458Z
2898601220,18447404,192,rebet,points,19.5,over_under,-133.0,-111.0,,2026-01-17T02:22:46.458Z
2898601222,18447404,227,rebet,points,19.5,over_under,-111.0,-133.0,,2026-01-17T02:22:46.458Z
2901145323,18447404,227,draftkings,points,25,milestone,,,1400.0,2026-01-17T03:15:28.673Z
3064384083,18447426,101,rebet,points,15.5,over_under,-125.0,-111.0,,2026-01-19T21:46:47.268Z
3064384084,18447426,1028026060,rebet,points,17.5,over_under,100.0,-143.0,,2026-01-19T21:46:47.268Z
3064384085,18447426,1028028405,rebet,points,28.5,over_under,-105.0,-143.0,,2026-01-19T21:46:47.268Z
3064384086,18447426,1057262985,rebet,points,18.5,over_under,-105.0,-133.0,,2026-01-19T21:46:47.268Z
3064384087,18447426,192,rebet,points,34.5,over_under,-118.0,-125.0,,2026-01-19T21:46:47.268Z
3064384088,18447426,493,rebet,points,16.5,over_under,-125.0,-111.0,,2026-01-19T21:46:47.268Z
3064384089,18447426,1028025235,rebet,assists,7.5,over_under,110.0,-154.0,,2026-01-19T21:46:47.268Z
3064384090,18447426,192,rebet,assists,9.5,over_under,110.0,-154.0,,2026-01-19T21:46:47.268Z
3064384091,18447426,101,rebet,rebounds,4.5,over_under,-154.0,110.0,,2026-01-19T21:46:47.268Z
3064384092,18447426,1028025235,rebet,rebounds,5.5,over_under,160.0,-238.0,,2026-01-19T21:46:47.268Z
3064384093,18447426,1028028405,rebet,rebounds,7.5,over_under,-192.0,130.0,,2026-01-19T21:46:47.268Z
3064384094,18447426,192,rebet,rebounds,4.5,over_under,150.0,-222.0,,2026-01-19T21:46:47.268Z
3064384095,18447426,493,rebet,rebounds,16.5,over_under,105.0,-154.0,,2026-01-19T21:46:47.268Z
3064384096,18447426,101,rebet,threes,1.5,over_under,155.0,-238.0,,2026-01-19T21:46:47.268Z
3064384097,18447426,1028025235,rebet,threes,2.5,over_under,105.0,-154.0,,2026-01-19T21:46:47.268Z
3064384098,18447426,1057262985,rebet,threes,3.5,over_under,105.0,-154.0,,2026-01-19T21:46:47.268Z
3064384099,18447426,192,rebet,threes,0.5,over_under,-222.0,150.0,,2026-01-19T21:46:47.268Z
3135860191,18447432,101,rebet,points,17.5,over_under,-143.0,100.0,,2026-01-21T02:18:46.840Z
3135860192,18447432,3547274,rebet,points,11.5,over_under,-133.0,-105.0,,2026-01-21T02:18:46.840Z
3135860193,18447432,17895983,rebet,points,16.5,over_under,-143.0,100.0,,2026-01-21T02:18:46.840Z
3135860194,18447432,3547264,rebet,points,10.5,over_under,-143.0,100.0,,2026-01-21T02:18:46.840Z
3135860195,18447432,666956,rebet,points,20.5,over_under,-105.0,-133.0,,2026-01-21T02:18:46.840Z
3135860196,18447432,1028025177,rebet,points,20.5,over_under,-143.0,100.0,,2026-01-21T02:18:46.840Z
3135860197,18447432,460,rebet,points,15.5,over_under,-125.0,-111.0,,2026-01-21T02:18:46.840Z
3135860198,18447432,283,rebet,points,3.5,over_under,105.0,-143.0,,2026-01-21T02:18:46.840Z
3135860199,18447432,192,rebet,points,26.5,over_under,-125.0,-118.0,,2026-01-21T02:18:46.840Z
3135860200,18447432,493,rebet,points,14.5,over_under,-118.0,-125.0,,2026-01-21T02:18:46.840Z
3135860201,18447432,139,rebet,points,8.5,over_under,-111.0,-133.0,,2026-01-21T02:18:46.840Z
3281248145,18447451,101,rebet,points,9.5,over_under,-133.0,-111.0,,2026-01-23T04:31:46.526Z
3281248146,18447451,666609,rebet,points,8.5,over_under,-143.0,100.0,,2026-01-23T04:31:46.526Z
3281248147,18447451,22,rebet,points,7.5,over_under,-154.0,105.0,,2026-01-23T04:31:46.526Z
3281248148,18447451,192,rebet,points,20.5,over_under,-133.0,-105.0,,2026-01-23T04:31:46.526Z
3281248149,18447451,237,rebet,points,16.5,over_under,-125.0,-111.0,,2026-01-23T04:31:46.526Z
3281248150,18447451,274,rebet,points,24.5,over_under,-133.0,-105.0,,2026-01-23T04:31:46.526Z
3281248151,18447451,132,rebet,points,28.5,over_under,-143.0,-105.0,,2026-01-23T04:31:46.526Z
3281248152,18447451,493,rebet,points,14.5,over_under,-111.0,-133.0,,2026-01-23T04:31:46.526Z
3281248153,18447451,192,rebet,assists,10.5,over_under,-154.0,105.0,,2026-01-23T04:31:46.526Z
3281248154,18447451,237,rebet,assists,5.5,over_under,120.0,-175.0,,2026-01-23T04:31:46.526Z
3281248155,18447451,132,rebet,assists,6.5,over_under,105.0,-154.0,,2026-01-23T04:31:46.526Z
3281248156,18447451,139,rebet,assists,2.5,over_under,175.0,-270.0,,2026-01-23T04:31:46.526Z
3281248157,18447451,101,rebet,rebounds,3.5,over_under,105.0,-154.0,,2026-01-23T04:31:46.526Z
3281248158,18447451,666609,rebet,rebounds,2.5,over_under,125.0,-182.0,,2026-01-23T04:31:46.526Z
3281248159,18447451,22,rebet,rebounds,8.5,over_under,-125.0,-118.0,,2026-01-23T04:31:46.526Z
3281248160,18447451,666626,rebet,rebounds,2.5,over_under,-118.0,-125.0,,2026-01-23T04:31:46.526Z
3281248161,18447451,38017728,rebet,rebounds,5.5,over_under,140.0,-213.0,,2026-01-23T04:31:46.526Z
3281248162,18447451,283,rebet,rebounds,2.5,over_under,170.0,-270.0,,2026-01-23T04:31:46.526Z
3281248163,18447451,192,rebet,rebounds,5.5,over_under,130.0,-192.0,,2026-01-23T04:31:46.526Z
3281248164,18447451,237,rebet,rebounds,3.5,over_under,-154.0,105.0,,2026-01-23T04:31:46.526Z
3281248165,18447451,274,rebet,rebounds,4.5,over_under,-167.0,115.0,,2026-01-23T04:31:46.526Z
3281248166,18447451,132,rebet,rebounds,6.5,over_under,-118.0,-125.0,,2026-01-23T04:31:46.526Z
3281248167,18447451,493,rebet,rebounds,15.5,over_under,-111.0,-133.0,,2026-01-23T04:31:46.526Z
3281248168,18447451,101,rebet,threes,0.5,over_under,145.0,-213.0,,2026-01-23T04:31:46.526Z
3281248169,18447451,666609,rebet,threes,1.5,over_under,-118.0,-125.0,,2026-01-23T04:31:46.526Z
3281248170,18447451,38017728,rebet,threes,2.5,over_under,135.0,-200.0,,2026-01-23T04:31:46.526Z
3281248171,18447451,283,rebet,threes,1.5,over_under,105.0,-154.0,,2026-01-23T04:31:46.526Z
3281248172,18447451,420,rebet,threes,0.5,over_under,100.0,-143.0,,2026-01-23T04:31:46.526Z
3281248173,18447451,192,rebet,threes,1.5,over_under,-200.0,135.0,,2026-01-23T04:31:46.526Z
3281248174,18447451,237,rebet,threes,0.5,over_under,100.0,-143.0,,2026-01-23T04:31:46.526Z
3281248175,18447451,274,rebet,threes,2.5,over_under,-238.0,160.0,,2026-01-23T04:31:46.526Z
3281248176,18447451,132,rebet,threes,2.5,over_under,135.0,-192.0,,2026-01-23T04:31:46.526Z
3281248177,18447451,139,rebet,threes,0.5,over_under,165.0,-250.0,,2026-01-23T04:31:46.526Z
3475276791,18447474,101,rebet,points,13.5,over_under,-105.0,-133.0,,2026-01-26T02:36:45.918Z
3475276792,18447474,666508,rebet,points,8.5,over_under,-125.0,-111.0,,2026-01-26T02:36:45.918Z
3475276793,18447474,375,rebet,points,21.5,over_under,-125.0,-111.0,,2026-01-26T02:36:45.918Z
3475276794,18447474,1057266813,rebet,points,7.5,over_under,-118.0,-125.0,,2026-01-26T02:36:45.918Z
3475276795,18447474,1057279425,rebet,points,9.5,over_under,-118.0,-125.0,,2026-01-26T02:36:45.918Z
3475276796,18447474,192,rebet,points,29.5,over_under,-133.0,-111.0,,2026-01-26T02:36:45.918Z
3475276797,18447474,274,rebet,points,23.5,over_under,-125.0,-118.0,,2026-01-26T02:36:45.918Z
3475276798,18447474,493,rebet,points,16.5,over_under,-118.0,-118.0,,2026-01-26T02:36:45.918Z
3475276799,18447474,666508,rebet,assists,3.5,over_under,-118.0,-125.0,,2026-01-26T02:36:45.918Z
3475276800,18447474,375,rebet,assists,3.5,over_under,145.0,-213.0,,2026-01-26T02:36:45.918Z
3475276801,18447474,1057266813,rebet,assists,3.5,over_under,110.0,-154.0,,2026-01-26T02:36:45.918Z
3475276802,18447474,192,rebet,assists,7.5,over_under,-118.0,-118.0,,2026-01-26T02:36:45.918Z
3475276803,18447474,274,rebet,assists,4.5,over_under,120.0,-175.0,,2026-01-26T02:36:45.918Z
3475276804,18447474,101,rebet,rebounds,4.5,over_under,-111.0,-125.0,,2026-01-26T02:36:45.918Z
3475276805,18447474,666508,rebet,rebounds,8.5,over_under,-118.0,-118.0,,2026-01-26T02:36:45.918Z
3475276806,18447474,375,rebet,rebounds,5.5,over_under,-133.0,-105.0,,2026-01-26T02:36:45.918Z
3475276807,18447474,192,rebet,rebounds,6.5,over_under,-167.0,115.0,,2026-01-26T02:36:45.918Z
3475276808,18447474,274,rebet,rebounds,4.5,over_under,-133.0,-105.0,,2026-01-26T02:36:45.918Z
3475276809,18447474,493,rebet,rebounds,12.5,over_under,-133.0,-105.0,,2026-01-26T02:36:45.918Z
3475276810,18447474,375,rebet,threes,2.5,over_under,-118.0,-125.0,,2026-01-26T02:36:45.918Z
3475276811,18447474,1057279425,rebet,threes,1.5,over_under,-270.0,170.0,,2026-01-26T02:36:45.918Z
3475276812,18447474,192,rebet,threes,4.5,over_under,-143.0,100.0,,2026-01-26T02:36:45.918Z
3475276813,18447474,274,rebet,threes,1.5,over_under,-154.0,105.0,,2026-01-26T02:36:45.918Z
3572074579,18447488,101,rebet,steals,0.5,milestone,,,-232.0,2026-01-28T02:58:46.322Z
3572074580,18447488,101,rebet,steals,1.5,milestone,,,208.0,2026-01-28T02:58:46.322Z
3572074581,18447488,101,rebet,steals,2.5,milestone,,,710.0,2026-01-28T02:58:46.322Z
3572074582,18447488,101,rebet,steals,3.5,milestone,,,1800.0,2026-01-28T02:58:46.322Z
3572074583,18447488,297,rebet,steals,0.5,milestone,,,-194.0,2026-01-28T02:58:46.322Z
3572074584,18447488,297,rebet,steals,1.5,milestone,,,255.0,2026-01-28T02:58:46.322Z
3572074585,18447488,297,rebet,steals,2.5,milestone,,,750.0,2026-01-28T02:58:46.322Z
3572074586,18447488,297,rebet,steals,3.5,milestone,,,2000.0,2026-01-28T02:58:46.322Z
3572074587,18447488,1057271583,rebet,steals,0.5,milestone,,,-145.0,2026-01-28T02:58:46.322Z
3572074588,18447488,1057271583,rebet,steals,1.5,milestone,,,370.0,2026-01-28T02:58:46.322Z
3572074589,18447488,1057271583,rebet,steals,2.5,milestone,,,1025.0,2026-01-28T02:58:46.322Z
3572074590,18447488,1057271583,rebet,steals,3.5,milestone,,,2300.0,2026-01-28T02:58:46.322Z
3572074591,18447488,56677842,rebet,steals,0.5,milestone,,,-166.0,2026-01-28T02:58:46.322Z
3572074592,18447488,56677842,rebet,steals,1.5,milestone,,,280.0,2026-01-28T02:58:46.322Z
3572074593,18447488,56677842,rebet,steals,2.5,milestone,,,850.0,2026-01-28T02:58:46.322Z
3572074594,18447488,56677842,rebet,steals,3.5,milestone,,,2200.0,2026-01-28T02:58:46.322Z
3572074595,18447488,1028035794,rebet,steals,0.5,milestone,,,-194.0,2026-01-28T02:58:46.322Z
3572074596,18447488,1028035794,rebet,steals,1.5,milestone,,,255.0,2026-01-28T02:58:46.322Z
3572074597,18447488,1028035794,rebet,steals,2.5,milestone,,,750.0,2026-01-28T02:58:46.322Z
3572074598,18447488,1028035794,rebet,steals,3.5,milestone,,,2000.0,2026-01-28T02:58:46.322Z
3572074599,18447488,1028025362,rebet,steals,0.5,milestone,,,-232.0,2026-01-28T02:58:46.322Z
3572074600,18447488,1028025362,rebet,steals,1.5,milestone,,,208.0,2026-01-28T02:58:46.322Z
3572074601,18447488,1028025362,rebet,steals,2.5,milestone,,,710.0,2026-01-28T02:58:46.322Z
3572074602,18447488,1028025362,rebet,steals,3.5,milestone,,,1800.0,2026-01-28T02:58:46.322Z
3572074603,18447488,1057260888,rebet,steals,0.5,milestone,,,-232.0,2026-01-28T02:58:46.322Z
3572074604,18447488,1057260888,rebet,steals,1.5,milestone,,,208.0,2026-01-28T02:58:46.322Z
3572074605,18447488,1057260888,rebet,steals,2.5,milestone,,,710.0,2026-01-28T02:58:46.322Z
3572074606,18447488,1057260888,rebet,steals,3.5,milestone,,,1800.0,2026-01-28T02:58:46.322Z
3572074607,18447488,285,rebet,steals,0.5,milestone,,,-116.0,2026-01-28T02:58:46.322Z
3572074608,18447488,285,rebet,steals,1.5,milestone,,,420.0,2026-01-28T02:58:46.322Z
3572074609,18447488,285,rebet,steals,2.5,milestone,,,1325.0,2026-01-28T02:58:46.322Z
3572074610,18447488,285,rebet,steals,3.5,milestone,,,2700.0,2026-01-28T02:58:46.322Z
3572074611,18447488,33,rebet,steals,0.5,milestone,,,-145.0,2026-01-28T02:58:46.322Z
3572074612,18447488,33,rebet,steals,1.5,milestone,,,370.0,2026-01-28T02:58:46.322Z
3572074613,18447488,33,rebet,steals,2.5,milestone,,,1025.0,2026-01-28T02:58:46.322Z
3572074614,18447488,33,rebet,steals,3.5,milestone,,,2300.0,2026-01-28T02:58:46.322Z
3572074615,18447488,192,rebet,steals,0.5,milestone,,,-330.0,2026-01-28T02:58:46.322Z
3572074616,18447488,192,rebet,steals,1.5,milestone,,,139.0,2026-01-28T02:58:46.322Z
3572074617,18447488,192,rebet,steals,2.5,milestone,,,470.0,2026-01-28T02:58:46.322Z
3572074618,18447488,192,rebet,steals,3.5,milestone,,,1225.0,2026-01-28T02:58:46.322Z
3572074619,18447488,274,rebet,steals,0.5,milestone,,,-575.0,2026-01-28T02:58:46.322Z
3572074620,18447488,274,rebet,steals,1.5,milestone,,,-135.0,2026-01-28T02:58:46.322Z
3572074621,18447488,274,rebet,steals,2.5,milestone,,,188.0,2026-01-28T02:58:46.322Z
3572074622,18447488,274,rebet,steals,3.5,milestone,,,470.0,2026-01-28T02:58:46.322Z
3572074623,18447488,493,rebet,steals,0.5,milestone,,,-145.0,2026-01-28T02:58:46.322Z
3572074624,18447488,493,rebet,steals,1.5,milestone,,,370.0,2026-01-28T02:58:46.322Z
3572074625,18447488,493,rebet,steals,2.5,milestone,,,1025.0,2026-01-28T02:58:46.322Z
3572074626,18447488,493,rebet,steals,3.5,milestone,,,2300.0,2026-01-28T02:58:46.322Z
3572074627,18447488,139,rebet,steals,0.5,milestone,,,-575.0,2026-01-28T02:58:46.322Z
3572074628,18447488,139,rebet,steals,1.5,milestone,,,-135.0,2026-01-28T02:58:46.322Z
3572074629,18447488,139,rebet,steals,2.5,milestone,,,285.0,2026-01-28T02:58:46.322Z
3572074630,18447488,139,rebet,steals,3.5,milestone,,,660.0,2026-01-28T02:58:46.322Z
3735269831,18447513,101,rebet,steals,0.5,milestone,,,-147.0,2026-01-31T01:58:47.344Z
3735269832,18447513,101,rebet,steals,1.5,milestone,,,370.0,2026-01-31T01:58:47.344Z
3735269833,18447513,101,rebet,steals,2.5,milestone,,,1050.0,2026-01-31T01:58:47.344Z
3735269834,18447513,101,rebet,steals,3.5,milestone,,,2300.0,2026-01-31T01:58:47.344Z
3735269835,18447513,69,rebet,steals,0.5,milestone,,,-236.0,2026-01-31T01:58:47.344Z
3735269836,18447513,69,rebet,steals,1.5,milestone,,,208.0,2026-01-31T01:58:47.344Z
3735269837,18447513,69,rebet,steals,2.5,milestone,,,710.0,2026-01-31T01:58:47.344Z
3735269838,18447513,69,rebet,steals,3.5,milestone,,,1800.0,2026-01-31T01:58:47.344Z
3735269839,18447513,56677582,rebet,steals,0.5,milestone,,,-147.0,2026-01-31T01:58:47.344Z
3735269840,18447513,56677582,rebet,steals,1.5,milestone,,,370.0,2026-01-31T01:58:47.344Z
3735269841,18447513,56677582,rebet,steals,2.5,milestone,,,1050.0,2026-01-31T01:58:47.344Z
3735269842,18447513,56677582,rebet,steals,3.5,milestone,,,2300.0,2026-01-31T01:58:47.344Z
3735269843,18447513,38017721,rebet,steals,0.5,milestone,,,-295.0,2026-01-31T01:58:47.344Z
3735269844,18447513,38017721,rebet,steals,1.5,milestone,,,162.0,2026-01-31T01:58:47.344Z
3735269845,18447513,38017721,rebet,steals,2.5,milestone,,,610.0,2026-01-31T01:58:47.344Z
3735269846,18447513,38017721,rebet,steals,3.5,milestone,,,1425.0,2026-01-31T01:58:47.344Z
3735269847,18447513,246,rebet,steals,0.5,milestone,,,-391.0,2026-01-31T01:58:47.344Z
3735269848,18447513,246,rebet,steals,1.5,milestone,,,125.0,2026-01-31T01:58:47.344Z
3735269849,18447513,246,rebet,steals,2.5,milestone,,,420.0,2026-01-31T01:58:47.344Z
3735269850,18447513,246,rebet,steals,3.5,milestone,,,1050.0,2026-01-31T01:58:47.344Z
3735269851,18447513,192,rebet,steals,0.5,milestone,,,-340.0,2026-01-31T01:58:47.344Z
3735269852,18447513,192,rebet,steals,1.5,milestone,,,139.0,2026-01-31T01:58:47.344Z
3735269853,18447513,192,rebet,steals,2.5,milestone,,,470.0,2026-01-31T01:58:47.344Z
3735269854,18447513,192,rebet,steals,3.5,milestone,,,1225.0,2026-01-31T01:58:47.344Z
3735269855,18447513,455,rebet,steals,0.5,milestone,,,127.0,2026-01-31T01:58:47.344Z
3735269856,18447513,455,rebet,steals,1.5,milestone,,,550.0,2026-01-31T01:58:47.344Z
3735269857,18447513,455,rebet,steals,2.5,milestone,,,1800.0,2026-01-31T01:58:47.344Z
3735269858,18447513,455,rebet,steals,3.5,milestone,,,3700.0,2026-01-31T01:58:47.344Z
3735269859,18447513,274,rebet,steals,0.5,milestone,,,-599.0,2026-01-31T01:58:47.344Z
3735269860,18447513,274,rebet,steals,1.5,milestone,,,-108.0,2026-01-31T01:58:47.344Z
3735269861,18447513,274,rebet,steals,2.5,milestone,,,330.0,2026-01-31T01:58:47.344Z
3735269862,18447513,274,rebet,steals,3.5,milestone,,,850.0,2026-01-31T01:58:47.344Z
3735269863,18447513,191,rebet,steals,0.5,milestone,,,-147.0,2026-01-31T01:58:47.344Z
3735269864,18447513,191,rebet,steals,1.5,milestone,,,370.0,2026-01-31T01:58:47.344Z
3735269865,18447513,191,rebet,steals,2.5,milestone,,,1050.0,2026-01-31T01:58:47.344Z
3735269866,18447513,191,rebet,steals,3.5,milestone,,,2300.0,2026-01-31T01:58:47.344Z
3735269867,18447513,493,rebet,steals,0.5,milestone,,,-118.0,2026-01-31T01:58:47.344Z
3735269868,18447513,493,rebet,steals,1.5,milestone,,,420.0,2026-01-31T01:58:47.344Z
3735269869,18447513,493,rebet,steals,2.5,milestone,,,1325.0,2026-01-31T01:58:47.344Z
3735269870,18447513,493,rebet,steals,3.5,milestone,,,2800.0,2026-01-31T01:58:47.344Z
3735269871,18447513,335,rebet,steals,0.5,milestone,,,-469.0,2026-01-31T01:58:47.344Z
3735269872,18447513,335,rebet,steals,1.5,milestone,,,106.0,2026-01-31T01:58:47.344Z
3735269873,18447513,335,rebet,steals,2.5,milestone,,,380.0,2026-01-31T01:58:47.344Z
3735269874,18447513,335,rebet,steals,3.5,milestone,,,950.0,2026-01-31T01:58:47.344Z
3735269875,18447513,139,rebet,steals,0.5,milestone,,,-599.0,2026-01-31T01:58:47.344Z
3735269876,18447513,139,rebet,steals,1.5,milestone,,,-108.0,2026-01-31T01:58:47.344Z
3735269877,18447513,139,rebet,steals,2.5,milestone,,,330.0,2026-01-31T01:58:47.344Z
3735269878,18447513,139,rebet,steals,3.5,milestone,,,850.0,2026-01-31T01:58:47.344Z
3739979452,18447513,274,fanatics,points,24.5,over_under,-120.0,-110.0,,2026-01-31T04:20:04.368Z
3828349979,18447527,101,rebet,steals,0.5,milestone,,,-198.0,2026-02-02T00:58:47.175Z
3828349980,18447527,101,rebet,steals,1.5,milestone,,,255.0,2026-02-02T00:58:47.175Z
3828349981,18447527,101,rebet,steals,2.5,milestone,,,750.0,2026-02-02T00:58:47.175Z
3828349982,18447527,101,rebet,steals,3.5,milestone,,,2000.0,2026-02-02T00:58:47.175Z
3828349983,18447527,18678058,rebet,steals,0.5,milestone,,,-340.0,2026-02-02T00:58:47.175Z
3828349984,18447527,18678058,rebet,steals,1.5,milestone,,,138.0,2026-02-02T00:58:47.175Z
3828349985,18447527,18678058,rebet,steals,2.5,milestone,,,470.0,2026-02-02T00:58:47.175Z
3828349986,18447527,18678058,rebet,steals,3.5,milestone,,,1225.0,2026-02-02T00:58:47.175Z
3828349987,18447527,38017727,rebet,steals,0.5,milestone,,,-469.0,2026-02-02T00:58:47.175Z
3828349988,18447527,38017727,rebet,steals,1.5,milestone,,,106.0,2026-02-02T00:58:47.175Z
3828349989,18447527,38017727,rebet,steals,2.5,milestone,,,380.0,2026-02-02T00:58:47.175Z
3828349990,18447527,38017727,rebet,steals,3.5,milestone,,,950.0,2026-02-02T00:58:47.175Z
3828349991,18447527,8,rebet,steals,0.5,milestone,,,-340.0,2026-02-02T00:58:47.175Z
3828349992,18447527,8,rebet,steals,1.5,milestone,,,138.0,2026-02-02T00:58:47.175Z
3828349993,18447527,8,rebet,steals,2.5,milestone,,,470.0,2026-02-02T00:58:47.175Z
3828349994,18447527,8,rebet,steals,3.5,milestone,,,1225.0,2026-02-02T00:58:47.175Z
3828349995,18447527,1028036515,rebet,steals,0.5,milestone,,,-198.0,2026-02-02T00:58:47.175Z
3828349996,18447527,1028036515,rebet,steals,1.5,milestone,,,255.0,2026-02-02T00:58:47.175Z
3828349997,18447527,1028036515,rebet,steals,2.5,milestone,,,750.0,2026-02-02T00:58:47.175Z
3828349998,18447527,1028036515,rebet,steals,3.5,milestone,,,2000.0,2026-02-02T00:58:47.175Z
3828349999,18447527,1028025723,rebet,steals,0.5,milestone,,,-148.0,2026-02-02T00:58:47.175Z
3828350000,18447527,1028025723,rebet,steals,1.5,milestone,,,370.0,2026-02-02T00:58:47.175Z
3828350001,18447527,1028025723,rebet,steals,2.5,milestone,,,1025.0,2026-02-02T00:58:47.175Z
3828350002,18447527,1028025723,rebet,steals,3.5,milestone,,,2300.0,2026-02-02T00:58:47.175Z
3828350003,18447527,33,rebet,steals,0.5,milestone,,,-238.0,2026-02-02T00:58:47.175Z
3828350004,18447527,33,rebet,steals,1.5,milestone,,,208.0,2026-02-02T00:58:47.175Z
3828350005,18447527,33,rebet,steals,2.5,milestone,,,710.0,2026-02-02T00:58:47.175Z
3828350006,18447527,33,rebet,steals,3.5,milestone,,,1800.0,2026-02-02T00:58:47.175Z
3828350007,18447527,53,rebet,steals,0.5,milestone,,,-148.0,2026-02-02T00:58:47.175Z
3828350008,18447527,53,rebet,steals,1.5,milestone,,,370.0,2026-02-02T00:58:47.175Z
3828350009,18447527,53,rebet,steals,2.5,milestone,,,1025.0,2026-02-02T00:58:47.175Z
3828350010,18447527,53,rebet,steals,3.5,milestone,,,2300.0,2026-02-02T00:58:47.175Z
3828350011,18447527,274,rebet,steals,0.5,milestone,,,-599.0,2026-02-02T00:58:47.175Z
3828350012,18447527,274,rebet,steals,1.5,milestone,,,-136.0,2026-02-02T00:58:47.175Z
3828350013,18447527,274,rebet,steals,2.5,milestone,,,285.0,2026-02-02T00:58:47.175Z
3828350014,18447527,274,rebet,steals,3.5,milestone,,,660.0,2026-02-02T00:58:47.175Z
3828350015,18447527,351,rebet,steals,0.5,milestone,,,-295.0,2026-02-02T00:58:47.175Z
3828350016,18447527,351,rebet,steals,1.5,milestone,,,161.0,2026-02-02T00:58:47.175Z
3828350017,18447527,351,rebet,steals,2.5,milestone,,,610.0,2026-02-02T00:58:47.175Z
3828350018,18447527,351,rebet,steals,3.5,milestone,,,1425.0,2026-02-02T00:58:47.175Z
3828350019,18447527,493,rebet,steals,0.5,milestone,,,-119.0,2026-02-02T00:58:47.175Z
3828350020,18447527,493,rebet,steals,1.5,milestone,,,420.0,2026-02-02T00:58:47.175Z
3828350021,18447527,493,rebet,steals,2.5,milestone,,,1325.0,2026-02-02T00:58:47.175Z
3828350022,18447527,493,rebet,steals,3.5,milestone,,,2800.0,2026-02-02T00:58:47.175Z
3828350023,18447527,139,rebet,steals,0.5,milestone,,,-599.0,2026-02-02T00:58:47.175Z
3828350024,18447527,139,rebet,steals,1.5,milestone,,,-120.0,2026-02-02T00:58:47.175Z
3828350025,18447527,139,rebet,steals,2.5,milestone,,,310.0,2026-02-02T00:58:47.175Z
3828350026,18447527,139,rebet,steals,3.5,milestone,,,760.0,2026-02-02T00:58:47.175Z
3831266549,18447527,493,betway,rebounds,20.5,over_under,150.0,-225.0,,2026-02-02T03:20:28.955Z
3831266550,18447527,493,betway,rebounds,20,milestone,,,-330.0,2026-02-02T03:20:28.955Z
3831266551,18447527,38017698,betway,rebounds,20,milestone,,,20000.0,2026-02-02T03:20:28.955Z
3831482950,18447527,101,caesars,double_double,0.5,milestone,,,-120.0,2026-02-02T03:33:02.996Z
3831482951,18447527,274,caesars,double_double,0.5,milestone,,,450.0,2026-02-02T03:33:02.996Z
